member_number,name_kanji,name_furigana,email,email_verified_at,remember_token,password,birthdate,gender,office_name,postal_code,prefecture,address1,address2,tel1,tel2,tel3,owned_qualifications,certified_accountant_number,tax_accountant_number,advisory_experience_years,other_specialized_field,experience,is_partner,is_release_working_status
XXX111,井村友美,イムラユミ,watanabe.mikako@example.net,2021/11/14 11:19,xxxxxxxxxxxxxxxxxxxxxxxxxxxxxxxxxxxxxxxxxxxxxxxxxxxxxxxxxxxxxxxxxxxxxxxxx,$2y$10$0l724WL0U/AHolsPy0VPOelg9pvwdwB/NBwTvMDUPV/EHTQDscCU2,2019/5/21,1,株式会社XXX,1001000,1,AAA市,BBB町,0,0,0,"[{""qualifications"":""FP2級""}]",22222,11111,1,表示されている専門分野の他にもアピールできる専門分野があれば、ここに記入します。,"××監査法人にて、監査業務・財務DD業務を中心に経験。その後××株式会社に転職し、財務DD・財務モデリング・会計ストラクチャー検討・バリュエーション・FA業務等を経験。事業会社やファンドがM&Aをおこなう際の財務DD業務、価値分析業務、FA業務、PMI業務に従事し、約xx年間でxx件以上に関与した実績を持つ。その他、事業再生業務の経験も有する。現在は独立し、M&A業務を中心に業務をおこなっている。
",0,1
XXX112,山本和紀,ヤマモトカズキ,shuhei.kijima@example.org,2021/11/15 11:19,xxxxxxxxxxxxxxxxxxxxxxxxxxxxxxxxxxxxxxxxxxxxxxxxxxxxxxxxxxxxxxxxxxxxxxxxx,$2y$10$0l724WL0U/AHolsPy0VPOelg9pvwdwB/NBwTvMDUPV/EHTQDscCU3,2019/5/22,2,株式会社XXX,1001001,1,AAA市,BBB町,0,0,0,"[{""qualifications"":""FP3級""}]",22223,11112,1,表示されている専門分野の他にもアピールできる専門分野があれば、ここに記入します。,"××監査法人にて、監査業務・財務DD業務を中心に経験。その後××株式会社に転職し、財務DD・財務モデリング・会計ストラクチャー検討・バリュエーション・FA業務等を経験。事業会社やファンドがM&Aをおこなう際の財務DD業務、価値分析業務、FA業務、PMI業務に従事し、約xx年間でxx件以上に関与した実績を持つ。その他、事業再生業務の経験も有する。現在は独立し、M&A業務を中心に業務をおこなっている。
",0,0
XXX113,橋口肇,ハシグチハジメ,soutaro.nakajima@example.net,2021/11/16 11:19,xxxxxxxxxxxxxxxxxxxxxxxxxxxxxxxxxxxxxxxxxxxxxxxxxxxxxxxxxxxxxxxxxxxxxxxxx,$2y$10$0l724WL0U/AHolsPy0VPOelg9pvwdwB/NBwTvMDUPV/EHTQDscCU4,2019/5/23,2,株式会社XXX,1001002,23,AAA市,BBB町,0,0,0,"[{""qualifications"":""FP4級""}]",22224,11113,1,表示されている専門分野の他にもアピールできる専門分野があれば、ここに記入します。,"××監査法人にて、監査業務・財務DD業務を中心に経験。その後××株式会社に転職し、財務DD・財務モデリング・会計ストラクチャー検討・バリュエーション・FA業務等を経験。事業会社やファンドがM&Aをおこなう際の財務DD業務、価値分析業務、FA業務、PMI業務に従事し、約xx年間でxx件以上に関与した実績を持つ。その他、事業再生業務の経験も有する。現在は独立し、M&A業務を中心に業務をおこなっている。
",1,1
XXX114,大下豊,オオシタユタカ,jnomura@example.net,2021/11/17 11:19,xxxxxxxxxxxxxxxxxxxxxxxxxxxxxxxxxxxxxxxxxxxxxxxxxxxxxxxxxxxxxxxxxxxxxxxxx,$2y$10$0l724WL0U/AHolsPy0VPOelg9pvwdwB/NBwTvMDUPV/EHTQDscCU5,2019/5/24,1,株式会社XXX,1001003,23,AAA市,BBB町,0,0,0,"[{""qualifications"":""FP5級""}]",22225,11114,1,表示されている専門分野の他にもアピールできる専門分野があれば、ここに記入します。,"××監査法人にて、監査業務・財務DD業務を中心に経験。その後××株式会社に転職し、財務DD・財務モデリング・会計ストラクチャー検討・バリュエーション・FA業務等を経験。事業会社やファンドがM&Aをおこなう際の財務DD業務、価値分析業務、FA業務、PMI業務に従事し、約xx年間でxx件以上に関与した実績を持つ。その他、事業再生業務の経験も有する。現在は独立し、M&A業務を中心に業務をおこなっている。
",0,1
XXX115,工藤彩,クドウアヤ,vidaka@example.net,2021/11/18 11:19,xxxxxxxxxxxxxxxxxxxxxxxxxxxxxxxxxxxxxxxxxxxxxxxxxxxxxxxxxxxxxxxxxxxxxxxxx,$2y$10$0l724WL0U/AHolsPy0VPOelg9pvwdwB/NBwTvMDUPV/EHTQDscCU6,2019/5/25,2,株式会社XXX,1001004,4,AAA市,BBB町,0,0,0,"[{""qualifications"":""FP6級""}]",22226,11115,1,表示されている専門分野の他にもアピールできる専門分野があれば、ここに記入します。,"××監査法人にて、監査業務・財務DD業務を中心に経験。その後××株式会社に転職し、財務DD・財務モデリング・会計ストラクチャー検討・バリュエーション・FA業務等を経験。事業会社やファンドがM&Aをおこなう際の財務DD業務、価値分析業務、FA業務、PMI業務に従事し、約xx年間でxx件以上に関与した実績を持つ。その他、事業再生業務の経験も有する。現在は独立し、M&A業務を中心に業務をおこなっている。
",0,0
XXX116,大森浩之,オオモリヒロユキ,nanami86@example.net,2021/11/19 11:19,xxxxxxxxxxxxxxxxxxxxxxxxxxxxxxxxxxxxxxxxxxxxxxxxxxxxxxxxxxxxxxxxxxxxxxxxx,$2y$10$0l724WL0U/AHolsPy0VPOelg9pvwdwB/NBwTvMDUPV/EHTQDscCU7,2019/5/26,1,株式会社XXX,1001005,32,AAA市,BBB町,0,0,0,"[{""qualifications"":""FP7級""}]",22227,11116,1,表示されている専門分野の他にもアピールできる専門分野があれば、ここに記入します。,"××監査法人にて、監査業務・財務DD業務を中心に経験。その後××株式会社に転職し、財務DD・財務モデリング・会計ストラクチャー検討・バリュエーション・FA業務等を経験。事業会社やファンドがM&Aをおこなう際の財務DD業務、価値分析業務、FA業務、PMI業務に従事し、約xx年間でxx件以上に関与した実績を持つ。その他、事業再生業務の経験も有する。現在は独立し、M&A業務を中心に業務をおこなっている。
",0,0
XXX117,中山美恵,ナカヤマミエ,haruka.sasaki@example.net,2021/11/20 11:19,xxxxxxxxxxxxxxxxxxxxxxxxxxxxxxxxxxxxxxxxxxxxxxxxxxxxxxxxxxxxxxxxxxxxxxxxx,$2y$10$0l724WL0U/AHolsPy0VPOelg9pvwdwB/NBwTvMDUPV/EHTQDscCU8,2019/5/27,1,株式会社XXX,1001006,4,AAA市,BBB町,0,0,0,"[{""qualifications"":""FP8級""}]",22228,11117,1,表示されている専門分野の他にもアピールできる専門分野があれば、ここに記入します。,"××監査法人にて、監査業務・財務DD業務を中心に経験。その後××株式会社に転職し、財務DD・財務モデリング・会計ストラクチャー検討・バリュエーション・FA業務等を経験。事業会社やファンドがM&Aをおこなう際の財務DD業務、価値分析業務、FA業務、PMI業務に従事し、約xx年間でxx件以上に関与した実績を持つ。その他、事業再生業務の経験も有する。現在は独立し、M&A業務を中心に業務をおこなっている。
",1,0
XXX118,足立隆史,アダチタカシ,watanabe.yosuke@example.com,2021/11/21 11:19,xxxxxxxxxxxxxxxxxxxxxxxxxxxxxxxxxxxxxxxxxxxxxxxxxxxxxxxxxxxxxxxxxxxxxxxxx,$2y$10$0l724WL0U/AHolsPy0VPOelg9pvwdwB/NBwTvMDUPV/EHTQDscCU9,2019/5/28,2,株式会社XXX,1001007,3,AAA市,BBB町,0,0,0,"[{""qualifications"":""FP9級""}]",22229,11118,1,表示されている専門分野の他にもアピールできる専門分野があれば、ここに記入します。,"××監査法人にて、監査業務・財務DD業務を中心に経験。その後××株式会社に転職し、財務DD・財務モデリング・会計ストラクチャー検討・バリュエーション・FA業務等を経験。事業会社やファンドがM&Aをおこなう際の財務DD業務、価値分析業務、FA業務、PMI業務に従事し、約xx年間でxx件以上に関与した実績を持つ。その他、事業再生業務の経験も有する。現在は独立し、M&A業務を中心に業務をおこなっている。
",1,0
XXX119,四宮一輝,シノミヤカズキ,sakamoto.asuka@example.com,2021/11/22 11:19,xxxxxxxxxxxxxxxxxxxxxxxxxxxxxxxxxxxxxxxxxxxxxxxxxxxxxxxxxxxxxxxxxxxxxxxxx,$2y$10$0l724WL0U/AHolsPy0VPOelg9pvwdwB/NBwTvMDUPV/EHTQDscCU10,2019/5/29,2,株式会社XXX,1001008,2,AAA市,BBB町,0,0,0,"[{""qualifications"":""FP10級""}]",22230,11119,1,表示されている専門分野の他にもアピールできる専門分野があれば、ここに記入します。,"××監査法人にて、監査業務・財務DD業務を中心に経験。その後××株式会社に転職し、財務DD・財務モデリング・会計ストラクチャー検討・バリュエーション・FA業務等を経験。事業会社やファンドがM&Aをおこなう際の財務DD業務、価値分析業務、FA業務、PMI業務に従事し、約xx年間でxx件以上に関与した実績を持つ。その他、事業再生業務の経験も有する。現在は独立し、M&A業務を中心に業務をおこなっている。
",0,0
XXX120,木村麻衣,キムラマイ,hiroshi87@example.com,2021/11/23 11:19,xxxxxxxxxxxxxxxxxxxxxxxxxxxxxxxxxxxxxxxxxxxxxxxxxxxxxxxxxxxxxxxxxxxxxxxxx,$2y$10$0l724WL0U/AHolsPy0VPOelg9pvwdwB/NBwTvMDUPV/EHTQDscCU11,2019/5/30,1,株式会社XXX,1001009,3,AAA市,BBB町,0,0,0,"[{""qualifications"":""FP11級""}]",22231,11120,1,表示されている専門分野の他にもアピールできる専門分野があれば、ここに記入します。,"××監査法人にて、監査業務・財務DD業務を中心に経験。その後××株式会社に転職し、財務DD・財務モデリング・会計ストラクチャー検討・バリュエーション・FA業務等を経験。事業会社やファンドがM&Aをおこなう際の財務DD業務、価値分析業務、FA業務、PMI業務に従事し、約xx年間でxx件以上に関与した実績を持つ。その他、事業再生業務の経験も有する。現在は独立し、M&A業務を中心に業務をおこなっている。
",1,0
XXX121,伊藤浩之,イトウヒロユキ,osamu60@example.org,2021/11/24 11:19,xxxxxxxxxxxxxxxxxxxxxxxxxxxxxxxxxxxxxxxxxxxxxxxxxxxxxxxxxxxxxxxxxxxxxxxxx,$2y$10$0l724WL0U/AHolsPy0VPOelg9pvwdwB/NBwTvMDUPV/EHTQDscCU12,2019/5/31,2,株式会社XXX,1001010,4,AAA市,BBB町,0,0,0,"[{""qualifications"":""FP12級""}]",22232,11121,1,表示されている専門分野の他にもアピールできる専門分野があれば、ここに記入します。,"××監査法人にて、監査業務・財務DD業務を中心に経験。その後××株式会社に転職し、財務DD・財務モデリング・会計ストラクチャー検討・バリュエーション・FA業務等を経験。事業会社やファンドがM&Aをおこなう際の財務DD業務、価値分析業務、FA業務、PMI業務に従事し、約xx年間でxx件以上に関与した実績を持つ。その他、事業再生業務の経験も有する。現在は独立し、M&A業務を中心に業務をおこなっている。
",1,1
XXX122,白石昌広,シライシマサヒロ,kenichi31@example.org,2021/11/25 11:19,xxxxxxxxxxxxxxxxxxxxxxxxxxxxxxxxxxxxxxxxxxxxxxxxxxxxxxxxxxxxxxxxxxxxxxxxx,$2y$10$0l724WL0U/AHolsPy0VPOelg9pvwdwB/NBwTvMDUPV/EHTQDscCU13,2019/6/1,1,株式会社XXX,1001011,3,AAA市,BBB町,0,0,0,"[{""qualifications"":""FP13級""}]",22233,11122,1,表示されている専門分野の他にもアピールできる専門分野があれば、ここに記入します。,"××監査法人にて、監査業務・財務DD業務を中心に経験。その後××株式会社に転職し、財務DD・財務モデリング・会計ストラクチャー検討・バリュエーション・FA業務等を経験。事業会社やファンドがM&Aをおこなう際の財務DD業務、価値分析業務、FA業務、PMI業務に従事し、約xx年間でxx件以上に関与した実績を持つ。その他、事業再生業務の経験も有する。現在は独立し、M&A業務を中心に業務をおこなっている。
",0,0
XXX123,麻田誠,アサダマコト,uaoyama@example.com,2021/11/26 11:19,xxxxxxxxxxxxxxxxxxxxxxxxxxxxxxxxxxxxxxxxxxxxxxxxxxxxxxxxxxxxxxxxxxxxxxxxx,$2y$10$0l724WL0U/AHolsPy0VPOelg9pvwdwB/NBwTvMDUPV/EHTQDscCU14,2019/6/2,1,株式会社XXX,1001012,42,AAA市,BBB町,0,0,0,"[{""qualifications"":""FP14級""}]",22234,11123,1,表示されている専門分野の他にもアピールできる専門分野があれば、ここに記入します。,"××監査法人にて、監査業務・財務DD業務を中心に経験。その後××株式会社に転職し、財務DD・財務モデリング・会計ストラクチャー検討・バリュエーション・FA業務等を経験。事業会社やファンドがM&Aをおこなう際の財務DD業務、価値分析業務、FA業務、PMI業務に従事し、約xx年間でxx件以上に関与した実績を持つ。その他、事業再生業務の経験も有する。現在は独立し、M&A業務を中心に業務をおこなっている。
",0,1
XXX124,杉山俊次,スギヤマシュンジ,csasaki@example.net,2021/11/27 11:19,xxxxxxxxxxxxxxxxxxxxxxxxxxxxxxxxxxxxxxxxxxxxxxxxxxxxxxxxxxxxxxxxxxxxxxxxx,$2y$10$0l724WL0U/AHolsPy0VPOelg9pvwdwB/NBwTvMDUPV/EHTQDscCU15,2019/6/3,2,株式会社XXX,1001013,34,AAA市,BBB町,0,0,0,"[{""qualifications"":""FP15級""}]",22235,11124,1,表示されている専門分野の他にもアピールできる専門分野があれば、ここに記入します。,"××監査法人にて、監査業務・財務DD業務を中心に経験。その後××株式会社に転職し、財務DD・財務モデリング・会計ストラクチャー検討・バリュエーション・FA業務等を経験。事業会社やファンドがM&Aをおこなう際の財務DD業務、価値分析業務、FA業務、PMI業務に従事し、約xx年間でxx件以上に関与した実績を持つ。その他、事業再生業務の経験も有する。現在は独立し、M&A業務を中心に業務をおこなっている。
",1,1
XXX125,鈴木卓,スズキスグル,yoshida.mai@example.org,2021/11/28 11:19,xxxxxxxxxxxxxxxxxxxxxxxxxxxxxxxxxxxxxxxxxxxxxxxxxxxxxxxxxxxxxxxxxxxxxxxxx,$2y$10$0l724WL0U/AHolsPy0VPOelg9pvwdwB/NBwTvMDUPV/EHTQDscCU16,2019/6/4,1,株式会社XXX,1001014,2,AAA市,BBB町,0,0,0,"[{""qualifications"":""FP16級""}]",22236,11125,1,表示されている専門分野の他にもアピールできる専門分野があれば、ここに記入します。,"××監査法人にて、監査業務・財務DD業務を中心に経験。その後××株式会社に転職し、財務DD・財務モデリング・会計ストラクチャー検討・バリュエーション・FA業務等を経験。事業会社やファンドがM&Aをおこなう際の財務DD業務、価値分析業務、FA業務、PMI業務に従事し、約xx年間でxx件以上に関与した実績を持つ。その他、事業再生業務の経験も有する。現在は独立し、M&A業務を中心に業務をおこなっている。
",0,0
XXX126,中谷祐樹,ナカタニユウキ,hiroshi62@example.com,2021/11/29 11:19,xxxxxxxxxxxxxxxxxxxxxxxxxxxxxxxxxxxxxxxxxxxxxxxxxxxxxxxxxxxxxxxxxxxxxxxxx,$2y$10$0l724WL0U/AHolsPy0VPOelg9pvwdwB/NBwTvMDUPV/EHTQDscCU17,2019/6/5,2,株式会社XXX,1001015,3,AAA市,BBB町,0,0,0,"[{""qualifications"":""FP17級""}]",22237,11126,1,表示されている専門分野の他にもアピールできる専門分野があれば、ここに記入します。,"××監査法人にて、監査業務・財務DD業務を中心に経験。その後××株式会社に転職し、財務DD・財務モデリング・会計ストラクチャー検討・バリュエーション・FA業務等を経験。事業会社やファンドがM&Aをおこなう際の財務DD業務、価値分析業務、FA業務、PMI業務に従事し、約xx年間でxx件以上に関与した実績を持つ。その他、事業再生業務の経験も有する。現在は独立し、M&A業務を中心に業務をおこなっている。
",1,1
XXX127,星野大輔,ホシノダイスケ,ayamaguchi@example.org,2021/11/30 11:19,xxxxxxxxxxxxxxxxxxxxxxxxxxxxxxxxxxxxxxxxxxxxxxxxxxxxxxxxxxxxxxxxxxxxxxxxx,$2y$10$0l724WL0U/AHolsPy0VPOelg9pvwdwB/NBwTvMDUPV/EHTQDscCU18,2019/6/6,1,株式会社XXX,1001016,4,AAA市,BBB町,0,0,0,"[{""qualifications"":""FP18級""}]",22238,11127,1,表示されている専門分野の他にもアピールできる専門分野があれば、ここに記入します。,"××監査法人にて、監査業務・財務DD業務を中心に経験。その後××株式会社に転職し、財務DD・財務モデリング・会計ストラクチャー検討・バリュエーション・FA業務等を経験。事業会社やファンドがM&Aをおこなう際の財務DD業務、価値分析業務、FA業務、PMI業務に従事し、約xx年間でxx件以上に関与した実績を持つ。その他、事業再生業務の経験も有する。現在は独立し、M&A業務を中心に業務をおこなっている。
",1,0
XXX128,柳生翔太,ヤギュウショウタ,idaka.hideki@example.com,2021/12/1 11:19,xxxxxxxxxxxxxxxxxxxxxxxxxxxxxxxxxxxxxxxxxxxxxxxxxxxxxxxxxxxxxxxxxxxxxxxxx,$2y$10$0l724WL0U/AHolsPy0VPOelg9pvwdwB/NBwTvMDUPV/EHTQDscCU19,2019/6/7,2,株式会社XXX,1001017,23,AAA市,BBB町,0,0,0,"[{""qualifications"":""FP19級""}]",22239,11128,1,表示されている専門分野の他にもアピールできる専門分野があれば、ここに記入します。,"××監査法人にて、監査業務・財務DD業務を中心に経験。その後××株式会社に転職し、財務DD・財務モデリング・会計ストラクチャー検討・バリュエーション・FA業務等を経験。事業会社やファンドがM&Aをおこなう際の財務DD業務、価値分析業務、FA業務、PMI業務に従事し、約xx年間でxx件以上に関与した実績を持つ。その他、事業再生業務の経験も有する。現在は独立し、M&A業務を中心に業務をおこなっている。
",0,1
XXX129,園田健介,ソノダケンスケ,yoshida.atsushi@example.net,2021/12/2 11:19,xxxxxxxxxxxxxxxxxxxxxxxxxxxxxxxxxxxxxxxxxxxxxxxxxxxxxxxxxxxxxxxxxxxxxxxxx,$2y$10$0l724WL0U/AHolsPy0VPOelg9pvwdwB/NBwTvMDUPV/EHTQDscCU20,2019/6/8,1,株式会社XXX,1001018,34,AAA市,BBB町,0,0,0,"[{""qualifications"":""FP20級""}]",22240,11129,1,表示されている専門分野の他にもアピールできる専門分野があれば、ここに記入します。,"××監査法人にて、監査業務・財務DD業務を中心に経験。その後××株式会社に転職し、財務DD・財務モデリング・会計ストラクチャー検討・バリュエーション・FA業務等を経験。事業会社やファンドがM&Aをおこなう際の財務DD業務、価値分析業務、FA業務、PMI業務に従事し、約xx年間でxx件以上に関与した実績を持つ。その他、事業再生業務の経験も有する。現在は独立し、M&A業務を中心に業務をおこなっている。
",1,0
XXX130,園田圭介,ソノダケイスケ,matsumoto.jun@example.org,2021/12/3 11:19,xxxxxxxxxxxxxxxxxxxxxxxxxxxxxxxxxxxxxxxxxxxxxxxxxxxxxxxxxxxxxxxxxxxxxxxxx,$2y$10$0l724WL0U/AHolsPy0VPOelg9pvwdwB/NBwTvMDUPV/EHTQDscCU21,2019/6/9,2,株式会社XXX,1001019,24,AAA市,BBB町,0,0,0,"[{""qualifications"":""FP21級""}]",22241,11130,1,表示されている専門分野の他にもアピールできる専門分野があれば、ここに記入します。,"××監査法人にて、監査業務・財務DD業務を中心に経験。その後××株式会社に転職し、財務DD・財務モデリング・会計ストラクチャー検討・バリュエーション・FA業務等を経験。事業会社やファンドがM&Aをおこなう際の財務DD業務、価値分析業務、FA業務、PMI業務に従事し、約xx年間でxx件以上に関与した実績を持つ。その他、事業再生業務の経験も有する。現在は独立し、M&A業務を中心に業務をおこなっている。
",0,1
XXX131,黒澤尚,クロサワナオ,yuta68@example.net,2021/12/4 11:19,xxxxxxxxxxxxxxxxxxxxxxxxxxxxxxxxxxxxxxxxxxxxxxxxxxxxxxxxxxxxxxxxxxxxxxxxx,$2y$10$0l724WL0U/AHolsPy0VPOelg9pvwdwB/NBwTvMDUPV/EHTQDscCU22,2019/6/10,1,株式会社XXX,1001020,43,AAA市,BBB町,0,0,0,"[{""qualifications"":""FP22級""}]",22242,11131,1,表示されている専門分野の他にもアピールできる専門分野があれば、ここに記入します。,"××監査法人にて、監査業務・財務DD業務を中心に経験。その後××株式会社に転職し、財務DD・財務モデリング・会計ストラクチャー検討・バリュエーション・FA業務等を経験。事業会社やファンドがM&Aをおこなう際の財務DD業務、価値分析業務、FA業務、PMI業務に従事し、約xx年間でxx件以上に関与した実績を持つ。その他、事業再生業務の経験も有する。現在は独立し、M&A業務を中心に業務をおこなっている。
",1,1
XXX132,中田茜,ナカタアカネ,tomoya57@example.com,2021/12/5 11:19,xxxxxxxxxxxxxxxxxxxxxxxxxxxxxxxxxxxxxxxxxxxxxxxxxxxxxxxxxxxxxxxxxxxxxxxxx,$2y$10$0l724WL0U/AHolsPy0VPOelg9pvwdwB/NBwTvMDUPV/EHTQDscCU23,2019/6/11,2,株式会社XXX,1001021,27,AAA市,BBB町,0,0,0,"[{""qualifications"":""FP23級""}]",22243,11132,1,表示されている専門分野の他にもアピールできる専門分野があれば、ここに記入します。,"××監査法人にて、監査業務・財務DD業務を中心に経験。その後××株式会社に転職し、財務DD・財務モデリング・会計ストラクチャー検討・バリュエーション・FA業務等を経験。事業会社やファンドがM&Aをおこなう際の財務DD業務、価値分析業務、FA業務、PMI業務に従事し、約xx年間でxx件以上に関与した実績を持つ。その他、事業再生業務の経験も有する。現在は独立し、M&A業務を中心に業務をおこなっている。
",0,1
XXX133,松尾修,マツオオサム,hideki92@example.org,2021/12/6 11:19,xxxxxxxxxxxxxxxxxxxxxxxxxxxxxxxxxxxxxxxxxxxxxxxxxxxxxxxxxxxxxxxxxxxxxxxxx,$2y$10$0l724WL0U/AHolsPy0VPOelg9pvwdwB/NBwTvMDUPV/EHTQDscCU24,2019/6/12,1,株式会社XXX,1001022,39,AAA市,BBB町,0,0,0,"[{""qualifications"":""FP24級""}]",22244,11133,1,表示されている専門分野の他にもアピールできる専門分野があれば、ここに記入します。,"××監査法人にて、監査業務・財務DD業務を中心に経験。その後××株式会社に転職し、財務DD・財務モデリング・会計ストラクチャー検討・バリュエーション・FA業務等を経験。事業会社やファンドがM&Aをおこなう際の財務DD業務、価値分析業務、FA業務、PMI業務に従事し、約xx年間でxx件以上に関与した実績を持つ。その他、事業再生業務の経験も有する。現在は独立し、M&A業務を中心に業務をおこなっている。
",1,0
XXX134,加賀谷翔,カガヤショウ,unomura@example.org,2021/12/7 11:19,xxxxxxxxxxxxxxxxxxxxxxxxxxxxxxxxxxxxxxxxxxxxxxxxxxxxxxxxxxxxxxxxxxxxxxxxx,$2y$10$0l724WL0U/AHolsPy0VPOelg9pvwdwB/NBwTvMDUPV/EHTQDscCU25,2019/6/13,2,株式会社XXX,1001023,34,AAA市,BBB町,0,0,0,"[{""qualifications"":""FP25級""}]",22245,11134,1,表示されている専門分野の他にもアピールできる専門分野があれば、ここに記入します。,"××監査法人にて、監査業務・財務DD業務を中心に経験。その後××株式会社に転職し、財務DD・財務モデリング・会計ストラクチャー検討・バリュエーション・FA業務等を経験。事業会社やファンドがM&Aをおこなう際の財務DD業務、価値分析業務、FA業務、PMI業務に従事し、約xx年間でxx件以上に関与した実績を持つ。その他、事業再生業務の経験も有する。現在は独立し、M&A業務を中心に業務をおこなっている。
",0,1
XXX135,落合圭太,オチアイケイタ,rika72@example.org,2021/12/8 11:19,xxxxxxxxxxxxxxxxxxxxxxxxxxxxxxxxxxxxxxxxxxxxxxxxxxxxxxxxxxxxxxxxxxxxxxxxx,$2y$10$0l724WL0U/AHolsPy0VPOelg9pvwdwB/NBwTvMDUPV/EHTQDscCU26,2019/6/14,1,株式会社XXX,1001024,4,AAA市,BBB町,0,0,0,"[{""qualifications"":""FP26級""}]",22246,11135,1,表示されている専門分野の他にもアピールできる専門分野があれば、ここに記入します。,"××監査法人にて、監査業務・財務DD業務を中心に経験。その後××株式会社に転職し、財務DD・財務モデリング・会計ストラクチャー検討・バリュエーション・FA業務等を経験。事業会社やファンドがM&Aをおこなう際の財務DD業務、価値分析業務、FA業務、PMI業務に従事し、約xx年間でxx件以上に関与した実績を持つ。その他、事業再生業務の経験も有する。現在は独立し、M&A業務を中心に業務をおこなっている。
",1,0
XXX136,岩沢貴光,イワサワタカミツ,yui.ogaki@example.net,2021/12/9 11:19,xxxxxxxxxxxxxxxxxxxxxxxxxxxxxxxxxxxxxxxxxxxxxxxxxxxxxxxxxxxxxxxxxxxxxxxxx,$2y$10$0l724WL0U/AHolsPy0VPOelg9pvwdwB/NBwTvMDUPV/EHTQDscCU27,2019/6/15,2,株式会社XXX,1001025,4,AAA市,BBB町,0,0,0,"[{""qualifications"":""FP27級""}]",22247,11136,1,表示されている専門分野の他にもアピールできる専門分野があれば、ここに記入します。,"××監査法人にて、監査業務・財務DD業務を中心に経験。その後××株式会社に転職し、財務DD・財務モデリング・会計ストラクチャー検討・バリュエーション・FA業務等を経験。事業会社やファンドがM&Aをおこなう際の財務DD業務、価値分析業務、FA業務、PMI業務に従事し、約xx年間でxx件以上に関与した実績を持つ。その他、事業再生業務の経験も有する。現在は独立し、M&A業務を中心に業務をおこなっている。
",0,1
XXX137,古田恵,フルタメグミ,sayuri.yamagishi@example.org,2021/12/10 11:19,xxxxxxxxxxxxxxxxxxxxxxxxxxxxxxxxxxxxxxxxxxxxxxxxxxxxxxxxxxxxxxxxxxxxxxxxx,$2y$10$0l724WL0U/AHolsPy0VPOelg9pvwdwB/NBwTvMDUPV/EHTQDscCU28,2019/6/16,1,株式会社XXX,1001026,4,AAA市,BBB町,0,0,0,"[{""qualifications"":""FP28級""}]",22248,11137,1,表示されている専門分野の他にもアピールできる専門分野があれば、ここに記入します。,"××監査法人にて、監査業務・財務DD業務を中心に経験。その後××株式会社に転職し、財務DD・財務モデリング・会計ストラクチャー検討・バリュエーション・FA業務等を経験。事業会社やファンドがM&Aをおこなう際の財務DD業務、価値分析業務、FA業務、PMI業務に従事し、約xx年間でxx件以上に関与した実績を持つ。その他、事業再生業務の経験も有する。現在は独立し、M&A業務を中心に業務をおこなっている。
",1,1
XXX138,並木昌義,ナミキマサヨシ,naoko.kijima@example.com,2021/12/11 11:19,xxxxxxxxxxxxxxxxxxxxxxxxxxxxxxxxxxxxxxxxxxxxxxxxxxxxxxxxxxxxxxxxxxxxxxxxx,$2y$10$0l724WL0U/AHolsPy0VPOelg9pvwdwB/NBwTvMDUPV/EHTQDscCU29,2019/6/17,1,株式会社XXX,1001027,43,AAA市,BBB町,0,0,0,"[{""qualifications"":""FP29級""}]",22249,11138,1,表示されている専門分野の他にもアピールできる専門分野があれば、ここに記入します。,"××監査法人にて、監査業務・財務DD業務を中心に経験。その後××株式会社に転職し、財務DD・財務モデリング・会計ストラクチャー検討・バリュエーション・FA業務等を経験。事業会社やファンドがM&Aをおこなう際の財務DD業務、価値分析業務、FA業務、PMI業務に従事し、約xx年間でxx件以上に関与した実績を持つ。その他、事業再生業務の経験も有する。現在は独立し、M&A業務を中心に業務をおこなっている。
",1,0
XXX139,渡会周平,ワタライシュウヘイ,miki.nakamura@example.com,2021/12/12 11:19,xxxxxxxxxxxxxxxxxxxxxxxxxxxxxxxxxxxxxxxxxxxxxxxxxxxxxxxxxxxxxxxxxxxxxxxxx,$2y$10$0l724WL0U/AHolsPy0VPOelg9pvwdwB/NBwTvMDUPV/EHTQDscCU30,2019/6/18,1,株式会社XXX,1001028,5,AAA市,BBB町,0,0,0,"[{""qualifications"":""FP30級""}]",22250,11139,1,表示されている専門分野の他にもアピールできる専門分野があれば、ここに記入します。,"××監査法人にて、監査業務・財務DD業務を中心に経験。その後××株式会社に転職し、財務DD・財務モデリング・会計ストラクチャー検討・バリュエーション・FA業務等を経験。事業会社やファンドがM&Aをおこなう際の財務DD業務、価値分析業務、FA業務、PMI業務に従事し、約xx年間でxx件以上に関与した実績を持つ。その他、事業再生業務の経験も有する。現在は独立し、M&A業務を中心に業務をおこなっている。
",0,1
XXX140,前田今日子,マエダキョウコ,okanou@example.com,2021/12/13 11:19,xxxxxxxxxxxxxxxxxxxxxxxxxxxxxxxxxxxxxxxxxxxxxxxxxxxxxxxxxxxxxxxxxxxxxxxxx,$2y$10$0l724WL0U/AHolsPy0VPOelg9pvwdwB/NBwTvMDUPV/EHTQDscCU31,2019/6/19,1,株式会社XXX,1001029,23,AAA市,BBB町,0,0,0,"[{""qualifications"":""FP31級""}]",22251,11140,1,表示されている専門分野の他にもアピールできる専門分野があれば、ここに記入します。,"××監査法人にて、監査業務・財務DD業務を中心に経験。その後××株式会社に転職し、財務DD・財務モデリング・会計ストラクチャー検討・バリュエーション・FA業務等を経験。事業会社やファンドがM&Aをおこなう際の財務DD業務、価値分析業務、FA業務、PMI業務に従事し、約xx年間でxx件以上に関与した実績を持つ。その他、事業再生業務の経験も有する。現在は独立し、M&A業務を中心に業務をおこなっている。
",1,1
XXX141,井上徹也,イノウエテツヤ,akemi.sakamoto@example.net,2021/12/14 11:19,xxxxxxxxxxxxxxxxxxxxxxxxxxxxxxxxxxxxxxxxxxxxxxxxxxxxxxxxxxxxxxxxxxxxxxxxx,$2y$10$0l724WL0U/AHolsPy0VPOelg9pvwdwB/NBwTvMDUPV/EHTQDscCU32,2019/6/20,1,株式会社XXX,1001030,4,AAA市,BBB町,0,0,0,"[{""qualifications"":""FP32級""}]",22252,11141,1,表示されている専門分野の他にもアピールできる専門分野があれば、ここに記入します。,"××監査法人にて、監査業務・財務DD業務を中心に経験。その後××株式会社に転職し、財務DD・財務モデリング・会計ストラクチャー検討・バリュエーション・FA業務等を経験。事業会社やファンドがM&Aをおこなう際の財務DD業務、価値分析業務、FA業務、PMI業務に従事し、約xx年間でxx件以上に関与した実績を持つ。その他、事業再生業務の経験も有する。現在は独立し、M&A業務を中心に業務をおこなっている。
",0,1
XXX142,曽根雄太,ソネユウタ,nakamura.naoko@example.org,2021/12/15 11:19,xxxxxxxxxxxxxxxxxxxxxxxxxxxxxxxxxxxxxxxxxxxxxxxxxxxxxxxxxxxxxxxxxxxxxxxxx,$2y$10$0l724WL0U/AHolsPy0VPOelg9pvwdwB/NBwTvMDUPV/EHTQDscCU33,2019/6/21,1,株式会社XXX,1001031,4,AAA市,BBB町,0,0,0,"[{""qualifications"":""FP33級""}]",22253,11142,1,表示されている専門分野の他にもアピールできる専門分野があれば、ここに記入します。,"××監査法人にて、監査業務・財務DD業務を中心に経験。その後××株式会社に転職し、財務DD・財務モデリング・会計ストラクチャー検討・バリュエーション・FA業務等を経験。事業会社やファンドがM&Aをおこなう際の財務DD業務、価値分析業務、FA業務、PMI業務に従事し、約xx年間でxx件以上に関与した実績を持つ。その他、事業再生業務の経験も有する。現在は独立し、M&A業務を中心に業務をおこなっている。
",1,0
XXX143,堀切厚,ホリキリアツシ,manabu26@example.net,2021/12/16 11:19,xxxxxxxxxxxxxxxxxxxxxxxxxxxxxxxxxxxxxxxxxxxxxxxxxxxxxxxxxxxxxxxxxxxxxxxxx,$2y$10$0l724WL0U/AHolsPy0VPOelg9pvwdwB/NBwTvMDUPV/EHTQDscCU34,2019/6/22,2,株式会社XXX,1001032,7,AAA市,BBB町,0,0,0,"[{""qualifications"":""FP34級""}]",22254,11143,1,表示されている専門分野の他にもアピールできる専門分野があれば、ここに記入します。,"××監査法人にて、監査業務・財務DD業務を中心に経験。その後××株式会社に転職し、財務DD・財務モデリング・会計ストラクチャー検討・バリュエーション・FA業務等を経験。事業会社やファンドがM&Aをおこなう際の財務DD業務、価値分析業務、FA業務、PMI業務に従事し、約xx年間でxx件以上に関与した実績を持つ。その他、事業再生業務の経験も有する。現在は独立し、M&A業務を中心に業務をおこなっている。
",0,1
XXX144,片岡真理,カタオカマリ,mai.ishida@example.com,2021/12/17 11:19,xxxxxxxxxxxxxxxxxxxxxxxxxxxxxxxxxxxxxxxxxxxxxxxxxxxxxxxxxxxxxxxxxxxxxxxxx,$2y$10$0l724WL0U/AHolsPy0VPOelg9pvwdwB/NBwTvMDUPV/EHTQDscCU35,2019/6/23,1,株式会社XXX,1001033,7,AAA市,BBB町,0,0,0,"[{""qualifications"":""FP35級""}]",22255,11144,1,表示されている専門分野の他にもアピールできる専門分野があれば、ここに記入します。,"××監査法人にて、監査業務・財務DD業務を中心に経験。その後××株式会社に転職し、財務DD・財務モデリング・会計ストラクチャー検討・バリュエーション・FA業務等を経験。事業会社やファンドがM&Aをおこなう際の財務DD業務、価値分析業務、FA業務、PMI業務に従事し、約xx年間でxx件以上に関与した実績を持つ。その他、事業再生業務の経験も有する。現在は独立し、M&A業務を中心に業務をおこなっている。
",1,1
XXX145,谷川千恵,タニガワチエ,okijima@example.net,2021/12/18 11:19,xxxxxxxxxxxxxxxxxxxxxxxxxxxxxxxxxxxxxxxxxxxxxxxxxxxxxxxxxxxxxxxxxxxxxxxxx,$2y$10$0l724WL0U/AHolsPy0VPOelg9pvwdwB/NBwTvMDUPV/EHTQDscCU36,2019/6/24,1,株式会社XXX,1001034,8,AAA市,BBB町,0,0,0,"[{""qualifications"":""FP36級""}]",22256,11145,1,表示されている専門分野の他にもアピールできる専門分野があれば、ここに記入します。,"××監査法人にて、監査業務・財務DD業務を中心に経験。その後××株式会社に転職し、財務DD・財務モデリング・会計ストラクチャー検討・バリュエーション・FA業務等を経験。事業会社やファンドがM&Aをおこなう際の財務DD業務、価値分析業務、FA業務、PMI業務に従事し、約xx年間でxx件以上に関与した実績を持つ。その他、事業再生業務の経験も有する。現在は独立し、M&A業務を中心に業務をおこなっている。
",0,0
XXX146,五島真由美,ゴシママユミ,hiroshi.kudo@example.net,2021/12/19 11:19,xxxxxxxxxxxxxxxxxxxxxxxxxxxxxxxxxxxxxxxxxxxxxxxxxxxxxxxxxxxxxxxxxxxxxxxxx,$2y$10$0l724WL0U/AHolsPy0VPOelg9pvwdwB/NBwTvMDUPV/EHTQDscCU37,2019/6/25,2,株式会社XXX,1001035,9,AAA市,BBB町,0,0,0,"[{""qualifications"":""FP37級""}]",22257,11146,1,表示されている専門分野の他にもアピールできる専門分野があれば、ここに記入します。,"××監査法人にて、監査業務・財務DD業務を中心に経験。その後××株式会社に転職し、財務DD・財務モデリング・会計ストラクチャー検討・バリュエーション・FA業務等を経験。事業会社やファンドがM&Aをおこなう際の財務DD業務、価値分析業務、FA業務、PMI業務に従事し、約xx年間でxx件以上に関与した実績を持つ。その他、事業再生業務の経験も有する。現在は独立し、M&A業務を中心に業務をおこなっている。
",0,1
XXX147,谷川裕子,タニガワユウコ,nanami.tanabe@example.net,2021/12/20 11:19,xxxxxxxxxxxxxxxxxxxxxxxxxxxxxxxxxxxxxxxxxxxxxxxxxxxxxxxxxxxxxxxxxxxxxxxxx,$2y$10$0l724WL0U/AHolsPy0VPOelg9pvwdwB/NBwTvMDUPV/EHTQDscCU38,2019/6/26,1,株式会社XXX,1001036,45,AAA市,BBB町,0,0,0,"[{""qualifications"":""FP38級""}]",22258,11147,1,表示されている専門分野の他にもアピールできる専門分野があれば、ここに記入します。,"××監査法人にて、監査業務・財務DD業務を中心に経験。その後××株式会社に転職し、財務DD・財務モデリング・会計ストラクチャー検討・バリュエーション・FA業務等を経験。事業会社やファンドがM&Aをおこなう際の財務DD業務、価値分析業務、FA業務、PMI業務に従事し、約xx年間でxx件以上に関与した実績を持つ。その他、事業再生業務の経験も有する。現在は独立し、M&A業務を中心に業務をおこなっている。
",1,0
XXX148,中村隆太,ナカムラリュウタ,kimura.mitsuru@example.net,2021/12/21 11:19,xxxxxxxxxxxxxxxxxxxxxxxxxxxxxxxxxxxxxxxxxxxxxxxxxxxxxxxxxxxxxxxxxxxxxxxxx,$2y$10$0l724WL0U/AHolsPy0VPOelg9pvwdwB/NBwTvMDUPV/EHTQDscCU39,2019/6/27,2,株式会社XXX,1001037,1,AAA市,BBB町,0,0,0,"[{""qualifications"":""FP39級""}]",22259,11148,1,表示されている専門分野の他にもアピールできる専門分野があれば、ここに記入します。,"××監査法人にて、監査業務・財務DD業務を中心に経験。その後××株式会社に転職し、財務DD・財務モデリング・会計ストラクチャー検討・バリュエーション・FA業務等を経験。事業会社やファンドがM&Aをおこなう際の財務DD業務、価値分析業務、FA業務、PMI業務に従事し、約xx年間でxx件以上に関与した実績を持つ。その他、事業再生業務の経験も有する。現在は独立し、M&A業務を中心に業務をおこなっている。
",1,1
XXX149,栗原太一郎,クリハラタイチロウ,kimura.asuka@example.org,2021/12/22 11:19,xxxxxxxxxxxxxxxxxxxxxxxxxxxxxxxxxxxxxxxxxxxxxxxxxxxxxxxxxxxxxxxxxxxxxxxxx,$2y$10$0l724WL0U/AHolsPy0VPOelg9pvwdwB/NBwTvMDUPV/EHTQDscCU40,2019/6/28,1,株式会社XXX,1001038,6,AAA市,BBB町,0,0,0,"[{""qualifications"":""FP40級""}]",22260,11149,1,表示されている専門分野の他にもアピールできる専門分野があれば、ここに記入します。,"××監査法人にて、監査業務・財務DD業務を中心に経験。その後××株式会社に転職し、財務DD・財務モデリング・会計ストラクチャー検討・バリュエーション・FA業務等を経験。事業会社やファンドがM&Aをおこなう際の財務DD業務、価値分析業務、FA業務、PMI業務に従事し、約xx年間でxx件以上に関与した実績を持つ。その他、事業再生業務の経験も有する。現在は独立し、M&A業務を中心に業務をおこなっている。
",0,1
XXX150,岩澤健,イワサワケン,yamagishi.osamu@example.com,2021/12/23 11:19,xxxxxxxxxxxxxxxxxxxxxxxxxxxxxxxxxxxxxxxxxxxxxxxxxxxxxxxxxxxxxxxxxxxxxxxxx,$2y$10$0l724WL0U/AHolsPy0VPOelg9pvwdwB/NBwTvMDUPV/EHTQDscCU41,2019/6/29,1,株式会社XXX,1001039,1,AAA市,BBB町,0,0,0,"[{""qualifications"":""FP41級""}]",22261,11150,1,表示されている専門分野の他にもアピールできる専門分野があれば、ここに記入します。,"××監査法人にて、監査業務・財務DD業務を中心に経験。その後××株式会社に転職し、財務DD・財務モデリング・会計ストラクチャー検討・バリュエーション・FA業務等を経験。事業会社やファンドがM&Aをおこなう際の財務DD業務、価値分析業務、FA業務、PMI業務に従事し、約xx年間でxx件以上に関与した実績を持つ。その他、事業再生業務の経験も有する。現在は独立し、M&A業務を中心に業務をおこなっている。
",1,0
XXX151,近藤健人,コンドウケント,wmurayama@example.com,2021/12/24 11:19,xxxxxxxxxxxxxxxxxxxxxxxxxxxxxxxxxxxxxxxxxxxxxxxxxxxxxxxxxxxxxxxxxxxxxxxxx,$2y$10$0l724WL0U/AHolsPy0VPOelg9pvwdwB/NBwTvMDUPV/EHTQDscCU42,2019/6/30,2,株式会社XXX,1001040,8,AAA市,BBB町,0,0,0,"[{""qualifications"":""FP42級""}]",22262,11151,1,表示されている専門分野の他にもアピールできる専門分野があれば、ここに記入します。,"××監査法人にて、監査業務・財務DD業務を中心に経験。その後××株式会社に転職し、財務DD・財務モデリング・会計ストラクチャー検討・バリュエーション・FA業務等を経験。事業会社やファンドがM&Aをおこなう際の財務DD業務、価値分析業務、FA業務、PMI業務に従事し、約xx年間でxx件以上に関与した実績を持つ。その他、事業再生業務の経験も有する。現在は独立し、M&A業務を中心に業務をおこなっている。
",1,1
XXX152,福永悦子,フクナガエツコ,youichi14@example.org,2021/12/25 11:19,xxxxxxxxxxxxxxxxxxxxxxxxxxxxxxxxxxxxxxxxxxxxxxxxxxxxxxxxxxxxxxxxxxxxxxxxx,$2y$10$0l724WL0U/AHolsPy0VPOelg9pvwdwB/NBwTvMDUPV/EHTQDscCU43,2019/7/1,1,株式会社XXX,1001041,9,AAA市,BBB町,0,0,0,"[{""qualifications"":""FP43級""}]",22263,11152,1,表示されている専門分野の他にもアピールできる専門分野があれば、ここに記入します。,"××監査法人にて、監査業務・財務DD業務を中心に経験。その後××株式会社に転職し、財務DD・財務モデリング・会計ストラクチャー検討・バリュエーション・FA業務等を経験。事業会社やファンドがM&Aをおこなう際の財務DD業務、価値分析業務、FA業務、PMI業務に従事し、約xx年間でxx件以上に関与した実績を持つ。その他、事業再生業務の経験も有する。現在は独立し、M&A業務を中心に業務をおこなっている。
",1,1
XXX153,前田祥子,マエダショウコ,nagisa.shuhei@example.net,2021/12/26 11:19,xxxxxxxxxxxxxxxxxxxxxxxxxxxxxxxxxxxxxxxxxxxxxxxxxxxxxxxxxxxxxxxxxxxxxxxxx,$2y$10$0l724WL0U/AHolsPy0VPOelg9pvwdwB/NBwTvMDUPV/EHTQDscCU44,2019/7/2,2,株式会社XXX,1001042,9,AAA市,BBB町,0,0,0,"[{""qualifications"":""FP44級""}]",22264,11153,1,表示されている専門分野の他にもアピールできる専門分野があれば、ここに記入します。,"××監査法人にて、監査業務・財務DD業務を中心に経験。その後××株式会社に転職し、財務DD・財務モデリング・会計ストラクチャー検討・バリュエーション・FA業務等を経験。事業会社やファンドがM&Aをおこなう際の財務DD業務、価値分析業務、FA業務、PMI業務に従事し、約xx年間でxx件以上に関与した実績を持つ。その他、事業再生業務の経験も有する。現在は独立し、M&A業務を中心に業務をおこなっている。
",0,1
XXX154,松尾茉莉江,マツオマリエ,taichi63@example.net,2021/12/27 11:19,xxxxxxxxxxxxxxxxxxxxxxxxxxxxxxxxxxxxxxxxxxxxxxxxxxxxxxxxxxxxxxxxxxxxxxxxx,$2y$10$0l724WL0U/AHolsPy0VPOelg9pvwdwB/NBwTvMDUPV/EHTQDscCU45,2019/7/3,1,株式会社XXX,1001043,7,AAA市,BBB町,0,0,0,"[{""qualifications"":""FP45級""}]",22265,11154,1,表示されている専門分野の他にもアピールできる専門分野があれば、ここに記入します。,"××監査法人にて、監査業務・財務DD業務を中心に経験。その後××株式会社に転職し、財務DD・財務モデリング・会計ストラクチャー検討・バリュエーション・FA業務等を経験。事業会社やファンドがM&Aをおこなう際の財務DD業務、価値分析業務、FA業務、PMI業務に従事し、約xx年間でxx件以上に関与した実績を持つ。その他、事業再生業務の経験も有する。現在は独立し、M&A業務を中心に業務をおこなっている。
",1,0
XXX155,栗山悠里,クリヤマユウリ,momoko.nakajima@example.org,2021/12/28 11:19,xxxxxxxxxxxxxxxxxxxxxxxxxxxxxxxxxxxxxxxxxxxxxxxxxxxxxxxxxxxxxxxxxxxxxxxxx,$2y$10$0l724WL0U/AHolsPy0VPOelg9pvwdwB/NBwTvMDUPV/EHTQDscCU46,2019/7/4,1,株式会社XXX,1001044,7,AAA市,BBB町,0,0,0,"[{""qualifications"":""FP46級""}]",22266,11155,1,表示されている専門分野の他にもアピールできる専門分野があれば、ここに記入します。,"××監査法人にて、監査業務・財務DD業務を中心に経験。その後××株式会社に転職し、財務DD・財務モデリング・会計ストラクチャー検討・バリュエーション・FA業務等を経験。事業会社やファンドがM&Aをおこなう際の財務DD業務、価値分析業務、FA業務、PMI業務に従事し、約xx年間でxx件以上に関与した実績を持つ。その他、事業再生業務の経験も有する。現在は独立し、M&A業務を中心に業務をおこなっている。
",1,1
XXX156,古川俊二,フルカワシュンジ,mkato@example.net,2021/12/29 11:19,xxxxxxxxxxxxxxxxxxxxxxxxxxxxxxxxxxxxxxxxxxxxxxxxxxxxxxxxxxxxxxxxxxxxxxxxx,$2y$10$0l724WL0U/AHolsPy0VPOelg9pvwdwB/NBwTvMDUPV/EHTQDscCU47,2019/7/5,1,株式会社XXX,1001045,6,AAA市,BBB町,0,0,0,"[{""qualifications"":""FP47級""}]",22267,11156,1,表示されている専門分野の他にもアピールできる専門分野があれば、ここに記入します。,"××監査法人にて、監査業務・財務DD業務を中心に経験。その後××株式会社に転職し、財務DD・財務モデリング・会計ストラクチャー検討・バリュエーション・FA業務等を経験。事業会社やファンドがM&Aをおこなう際の財務DD業務、価値分析業務、FA業務、PMI業務に従事し、約xx年間でxx件以上に関与した実績を持つ。その他、事業再生業務の経験も有する。現在は独立し、M&A業務を中心に業務をおこなっている。
",1,1
XXX157,大濱真紀,オオハママキ,rei.yoshida@example.net,2021/12/30 11:19,xxxxxxxxxxxxxxxxxxxxxxxxxxxxxxxxxxxxxxxxxxxxxxxxxxxxxxxxxxxxxxxxxxxxxxxxx,$2y$10$0l724WL0U/AHolsPy0VPOelg9pvwdwB/NBwTvMDUPV/EHTQDscCU48,2019/7/6,1,株式会社XXX,1001046,6,AAA市,BBB町,0,0,0,"[{""qualifications"":""FP48級""}]",22268,11157,1,表示されている専門分野の他にもアピールできる専門分野があれば、ここに記入します。,"××監査法人にて、監査業務・財務DD業務を中心に経験。その後××株式会社に転職し、財務DD・財務モデリング・会計ストラクチャー検討・バリュエーション・FA業務等を経験。事業会社やファンドがM&Aをおこなう際の財務DD業務、価値分析業務、FA業務、PMI業務に従事し、約xx年間でxx件以上に関与した実績を持つ。その他、事業再生業務の経験も有する。現在は独立し、M&A業務を中心に業務をおこなっている。
",1,1
XXX158,露木ひとみ,ツユキヒトミ,rei.nomura@example.org,2021/12/31 11:19,xxxxxxxxxxxxxxxxxxxxxxxxxxxxxxxxxxxxxxxxxxxxxxxxxxxxxxxxxxxxxxxxxxxxxxxxx,$2y$10$0l724WL0U/AHolsPy0VPOelg9pvwdwB/NBwTvMDUPV/EHTQDscCU49,2019/7/7,1,株式会社XXX,1001047,1,AAA市,BBB町,0,0,0,"[{""qualifications"":""FP49級""}]",22269,11158,1,表示されている専門分野の他にもアピールできる専門分野があれば、ここに記入します。,"××監査法人にて、監査業務・財務DD業務を中心に経験。その後××株式会社に転職し、財務DD・財務モデリング・会計ストラクチャー検討・バリュエーション・FA業務等を経験。事業会社やファンドがM&Aをおこなう際の財務DD業務、価値分析業務、FA業務、PMI業務に従事し、約xx年間でxx件以上に関与した実績を持つ。その他、事業再生業務の経験も有する。現在は独立し、M&A業務を中心に業務をおこなっている。
",1,0
XXX159,竹内清治,タケウチセイジ,tishida@example.org,2022/1/1 11:19,xxxxxxxxxxxxxxxxxxxxxxxxxxxxxxxxxxxxxxxxxxxxxxxxxxxxxxxxxxxxxxxxxxxxxxxxx,$2y$10$0l724WL0U/AHolsPy0VPOelg9pvwdwB/NBwTvMDUPV/EHTQDscCU50,2019/7/8,2,株式会社XXX,1001048,46,AAA市,BBB町,0,0,0,"[{""qualifications"":""FP50級""}]",22270,11159,1,表示されている専門分野の他にもアピールできる専門分野があれば、ここに記入します。,"××監査法人にて、監査業務・財務DD業務を中心に経験。その後××株式会社に転職し、財務DD・財務モデリング・会計ストラクチャー検討・バリュエーション・FA業務等を経験。事業会社やファンドがM&Aをおこなう際の財務DD業務、価値分析業務、FA業務、PMI業務に従事し、約xx年間でxx件以上に関与した実績を持つ。その他、事業再生業務の経験も有する。現在は独立し、M&A業務を中心に業務をおこなっている。
",1,1
XXX160,麻野正和,アサノマサカズ,ekoda.hiroshi@example.org,2022/1/2 11:19,xxxxxxxxxxxxxxxxxxxxxxxxxxxxxxxxxxxxxxxxxxxxxxxxxxxxxxxxxxxxxxxxxxxxxxxxx,$2y$10$0l724WL0U/AHolsPy0VPOelg9pvwdwB/NBwTvMDUPV/EHTQDscCU51,2019/7/9,1,株式会社XXX,1001049,1,AAA市,BBB町,0,0,0,"[{""qualifications"":""FP51級""}]",22271,11160,1,表示されている専門分野の他にもアピールできる専門分野があれば、ここに記入します。,"××監査法人にて、監査業務・財務DD業務を中心に経験。その後××株式会社に転職し、財務DD・財務モデリング・会計ストラクチャー検討・バリュエーション・FA業務等を経験。事業会社やファンドがM&Aをおこなう際の財務DD業務、価値分析業務、FA業務、PMI業務に従事し、約xx年間でxx件以上に関与した実績を持つ。その他、事業再生業務の経験も有する。現在は独立し、M&A業務を中心に業務をおこなっている。
",0,0
XXX161,加納華恵,カノウハナエ,sato.satomi@example.org,2022/1/3 11:19,xxxxxxxxxxxxxxxxxxxxxxxxxxxxxxxxxxxxxxxxxxxxxxxxxxxxxxxxxxxxxxxxxxxxxxxxx,$2y$10$0l724WL0U/AHolsPy0VPOelg9pvwdwB/NBwTvMDUPV/EHTQDscCU52,2019/7/10,1,株式会社XXX,1001050,9,AAA市,BBB町,0,0,0,"[{""qualifications"":""FP52級""}]",22272,11161,1,表示されている専門分野の他にもアピールできる専門分野があれば、ここに記入します。,"××監査法人にて、監査業務・財務DD業務を中心に経験。その後××株式会社に転職し、財務DD・財務モデリング・会計ストラクチャー検討・バリュエーション・FA業務等を経験。事業会社やファンドがM&Aをおこなう際の財務DD業務、価値分析業務、FA業務、PMI業務に従事し、約xx年間でxx件以上に関与した実績を持つ。その他、事業再生業務の経験も有する。現在は独立し、M&A業務を中心に業務をおこなっている。
",1,1
XXX162,小川潤,オガワジユン,nanami.aota@example.com,2022/1/4 11:19,xxxxxxxxxxxxxxxxxxxxxxxxxxxxxxxxxxxxxxxxxxxxxxxxxxxxxxxxxxxxxxxxxxxxxxxxx,$2y$10$0l724WL0U/AHolsPy0VPOelg9pvwdwB/NBwTvMDUPV/EHTQDscCU53,2019/7/11,1,株式会社XXX,1001051,5,AAA市,BBB町,0,0,0,"[{""qualifications"":""FP53級""}]",22273,11162,1,表示されている専門分野の他にもアピールできる専門分野があれば、ここに記入します。,"××監査法人にて、監査業務・財務DD業務を中心に経験。その後××株式会社に転職し、財務DD・財務モデリング・会計ストラクチャー検討・バリュエーション・FA業務等を経験。事業会社やファンドがM&Aをおこなう際の財務DD業務、価値分析業務、FA業務、PMI業務に従事し、約xx年間でxx件以上に関与した実績を持つ。その他、事業再生業務の経験も有する。現在は独立し、M&A業務を中心に業務をおこなっている。
",0,0
XXX163,粂川淳子,クメカワジュンコ,mikako35@example.com,2022/1/5 11:19,xxxxxxxxxxxxxxxxxxxxxxxxxxxxxxxxxxxxxxxxxxxxxxxxxxxxxxxxxxxxxxxxxxxxxxxxx,$2y$10$0l724WL0U/AHolsPy0VPOelg9pvwdwB/NBwTvMDUPV/EHTQDscCU54,2019/7/12,1,株式会社XXX,1001052,37,AAA市,BBB町,0,0,0,"[{""qualifications"":""FP54級""}]",22274,11163,1,表示されている専門分野の他にもアピールできる専門分野があれば、ここに記入します。,"××監査法人にて、監査業務・財務DD業務を中心に経験。その後××株式会社に転職し、財務DD・財務モデリング・会計ストラクチャー検討・バリュエーション・FA業務等を経験。事業会社やファンドがM&Aをおこなう際の財務DD業務、価値分析業務、FA業務、PMI業務に従事し、約xx年間でxx件以上に関与した実績を持つ。その他、事業再生業務の経験も有する。現在は独立し、M&A業務を中心に業務をおこなっている。
",0,0
XXX164,澤田優介,サワダユウスケ,sayuri53@example.org,2022/1/6 11:19,xxxxxxxxxxxxxxxxxxxxxxxxxxxxxxxxxxxxxxxxxxxxxxxxxxxxxxxxxxxxxxxxxxxxxxxxx,$2y$10$0l724WL0U/AHolsPy0VPOelg9pvwdwB/NBwTvMDUPV/EHTQDscCU55,2019/7/13,1,株式会社XXX,1001053,4,AAA市,BBB町,0,0,0,"[{""qualifications"":""FP55級""}]",22275,11164,1,表示されている専門分野の他にもアピールできる専門分野があれば、ここに記入します。,"××監査法人にて、監査業務・財務DD業務を中心に経験。その後××株式会社に転職し、財務DD・財務モデリング・会計ストラクチャー検討・バリュエーション・FA業務等を経験。事業会社やファンドがM&Aをおこなう際の財務DD業務、価値分析業務、FA業務、PMI業務に従事し、約xx年間でxx件以上に関与した実績を持つ。その他、事業再生業務の経験も有する。現在は独立し、M&A業務を中心に業務をおこなっている。
",1,0
XXX165,藤盛泰裕,フジモリヤスヒロ,snagisa@example.org,2022/1/7 11:19,xxxxxxxxxxxxxxxxxxxxxxxxxxxxxxxxxxxxxxxxxxxxxxxxxxxxxxxxxxxxxxxxxxxxxxxxx,$2y$10$0l724WL0U/AHolsPy0VPOelg9pvwdwB/NBwTvMDUPV/EHTQDscCU56,2019/7/14,2,株式会社XXX,1001054,5,AAA市,BBB町,0,0,0,"[{""qualifications"":""FP56級""}]",22276,11165,1,表示されている専門分野の他にもアピールできる専門分野があれば、ここに記入します。,"××監査法人にて、監査業務・財務DD業務を中心に経験。その後××株式会社に転職し、財務DD・財務モデリング・会計ストラクチャー検討・バリュエーション・FA業務等を経験。事業会社やファンドがM&Aをおこなう際の財務DD業務、価値分析業務、FA業務、PMI業務に従事し、約xx年間でxx件以上に関与した実績を持つ。その他、事業再生業務の経験も有する。現在は独立し、M&A業務を中心に業務をおこなっている。
",0,0
XXX166,戸田一也,トダカズヤ,yamamoto.maaya@example.net,2022/1/8 11:19,xxxxxxxxxxxxxxxxxxxxxxxxxxxxxxxxxxxxxxxxxxxxxxxxxxxxxxxxxxxxxxxxxxxxxxxxx,$2y$10$0l724WL0U/AHolsPy0VPOelg9pvwdwB/NBwTvMDUPV/EHTQDscCU57,2019/7/15,1,株式会社XXX,1001055,36,AAA市,BBB町,0,0,0,"[{""qualifications"":""FP57級""}]",22277,11166,1,表示されている専門分野の他にもアピールできる専門分野があれば、ここに記入します。,"××監査法人にて、監査業務・財務DD業務を中心に経験。その後××株式会社に転職し、財務DD・財務モデリング・会計ストラクチャー検討・バリュエーション・FA業務等を経験。事業会社やファンドがM&Aをおこなう際の財務DD業務、価値分析業務、FA業務、PMI業務に従事し、約xx年間でxx件以上に関与した実績を持つ。その他、事業再生業務の経験も有する。現在は独立し、M&A業務を中心に業務をおこなっている。
",0,0
XXX167,今井裕子,イマイユウコ,yoko96@example.net,2022/1/9 11:19,xxxxxxxxxxxxxxxxxxxxxxxxxxxxxxxxxxxxxxxxxxxxxxxxxxxxxxxxxxxxxxxxxxxxxxxxx,$2y$10$0l724WL0U/AHolsPy0VPOelg9pvwdwB/NBwTvMDUPV/EHTQDscCU58,2019/7/16,1,株式会社XXX,1001056,3,AAA市,BBB町,0,0,0,"[{""qualifications"":""FP58級""}]",22278,11167,1,表示されている専門分野の他にもアピールできる専門分野があれば、ここに記入します。,"××監査法人にて、監査業務・財務DD業務を中心に経験。その後××株式会社に転職し、財務DD・財務モデリング・会計ストラクチャー検討・バリュエーション・FA業務等を経験。事業会社やファンドがM&Aをおこなう際の財務DD業務、価値分析業務、FA業務、PMI業務に従事し、約xx年間でxx件以上に関与した実績を持つ。その他、事業再生業務の経験も有する。現在は独立し、M&A業務を中心に業務をおこなっている。
",0,1
XXX168,長岡彰吾,ナガオカショウゴ,gtanaka@example.org,2022/1/10 11:19,xxxxxxxxxxxxxxxxxxxxxxxxxxxxxxxxxxxxxxxxxxxxxxxxxxxxxxxxxxxxxxxxxxxxxxxxx,$2y$10$0l724WL0U/AHolsPy0VPOelg9pvwdwB/NBwTvMDUPV/EHTQDscCU59,2019/7/17,1,株式会社XXX,1001057,5,AAA市,BBB町,0,0,0,"[{""qualifications"":""FP59級""}]",22279,11168,1,表示されている専門分野の他にもアピールできる専門分野があれば、ここに記入します。,"××監査法人にて、監査業務・財務DD業務を中心に経験。その後××株式会社に転職し、財務DD・財務モデリング・会計ストラクチャー検討・バリュエーション・FA業務等を経験。事業会社やファンドがM&Aをおこなう際の財務DD業務、価値分析業務、FA業務、PMI業務に従事し、約xx年間でxx件以上に関与した実績を持つ。その他、事業再生業務の経験も有する。現在は独立し、M&A業務を中心に業務をおこなっている。
",0,0
XXX169,藪田寿,ヤブタヒサシ,kyosuke.yamaguchi@example.net,2022/1/11 11:19,xxxxxxxxxxxxxxxxxxxxxxxxxxxxxxxxxxxxxxxxxxxxxxxxxxxxxxxxxxxxxxxxxxxxxxxxx,$2y$10$0l724WL0U/AHolsPy0VPOelg9pvwdwB/NBwTvMDUPV/EHTQDscCU60,2019/7/18,2,株式会社XXX,1001058,1,AAA市,BBB町,0,0,0,"[{""qualifications"":""FP60級""}]",22280,11169,1,表示されている専門分野の他にもアピールできる専門分野があれば、ここに記入します。,"××監査法人にて、監査業務・財務DD業務を中心に経験。その後××株式会社に転職し、財務DD・財務モデリング・会計ストラクチャー検討・バリュエーション・FA業務等を経験。事業会社やファンドがM&Aをおこなう際の財務DD業務、価値分析業務、FA業務、PMI業務に従事し、約xx年間でxx件以上に関与した実績を持つ。その他、事業再生業務の経験も有する。現在は独立し、M&A業務を中心に業務をおこなっている。
",0,1
XXX170,河合尚子,カワイナオコ,ogaki.manabu@example.com,2022/1/12 11:19,xxxxxxxxxxxxxxxxxxxxxxxxxxxxxxxxxxxxxxxxxxxxxxxxxxxxxxxxxxxxxxxxxxxxxxxxx,$2y$10$0l724WL0U/AHolsPy0VPOelg9pvwdwB/NBwTvMDUPV/EHTQDscCU61,2019/7/19,2,株式会社XXX,1001059,33,AAA市,BBB町,0,0,0,"[{""qualifications"":""FP61級""}]",22281,11170,1,表示されている専門分野の他にもアピールできる専門分野があれば、ここに記入します。,"××監査法人にて、監査業務・財務DD業務を中心に経験。その後××株式会社に転職し、財務DD・財務モデリング・会計ストラクチャー検討・バリュエーション・FA業務等を経験。事業会社やファンドがM&Aをおこなう際の財務DD業務、価値分析業務、FA業務、PMI業務に従事し、約xx年間でxx件以上に関与した実績を持つ。その他、事業再生業務の経験も有する。現在は独立し、M&A業務を中心に業務をおこなっている。
",1,0
XXX171,馬淵一輝,マブチカズキ,naoko59@example.com,2022/1/13 11:19,xxxxxxxxxxxxxxxxxxxxxxxxxxxxxxxxxxxxxxxxxxxxxxxxxxxxxxxxxxxxxxxxxxxxxxxxx,$2y$10$0l724WL0U/AHolsPy0VPOelg9pvwdwB/NBwTvMDUPV/EHTQDscCU62,2019/7/20,1,株式会社XXX,1001060,4,AAA市,BBB町,0,0,0,"[{""qualifications"":""FP62級""}]",22282,11171,1,表示されている専門分野の他にもアピールできる専門分野があれば、ここに記入します。,"××監査法人にて、監査業務・財務DD業務を中心に経験。その後××株式会社に転職し、財務DD・財務モデリング・会計ストラクチャー検討・バリュエーション・FA業務等を経験。事業会社やファンドがM&Aをおこなう際の財務DD業務、価値分析業務、FA業務、PMI業務に従事し、約xx年間でxx件以上に関与した実績を持つ。その他、事業再生業務の経験も有する。現在は独立し、M&A業務を中心に業務をおこなっている。
",0,1
XXX172,塙紀子,ハナワノリコ,lhirokawa@example.net,2022/1/14 11:19,xxxxxxxxxxxxxxxxxxxxxxxxxxxxxxxxxxxxxxxxxxxxxxxxxxxxxxxxxxxxxxxxxxxxxxxxx,$2y$10$0l724WL0U/AHolsPy0VPOelg9pvwdwB/NBwTvMDUPV/EHTQDscCU63,2019/7/21,2,株式会社XXX,1001061,3,AAA市,BBB町,0,0,0,"[{""qualifications"":""FP63級""}]",22283,11172,1,表示されている専門分野の他にもアピールできる専門分野があれば、ここに記入します。,"××監査法人にて、監査業務・財務DD業務を中心に経験。その後××株式会社に転職し、財務DD・財務モデリング・会計ストラクチャー検討・バリュエーション・FA業務等を経験。事業会社やファンドがM&Aをおこなう際の財務DD業務、価値分析業務、FA業務、PMI業務に従事し、約xx年間でxx件以上に関与した実績を持つ。その他、事業再生業務の経験も有する。現在は独立し、M&A業務を中心に業務をおこなっている。
",0,0
XXX173,丸山亮佑,マルヤマリョウスケ,satomi78@example.org,2022/1/15 11:19,xxxxxxxxxxxxxxxxxxxxxxxxxxxxxxxxxxxxxxxxxxxxxxxxxxxxxxxxxxxxxxxxxxxxxxxxx,$2y$10$0l724WL0U/AHolsPy0VPOelg9pvwdwB/NBwTvMDUPV/EHTQDscCU64,2019/7/22,1,株式会社XXX,1001062,4,AAA市,BBB町,0,0,0,"[{""qualifications"":""FP64級""}]",22284,11173,1,表示されている専門分野の他にもアピールできる専門分野があれば、ここに記入します。,"××監査法人にて、監査業務・財務DD業務を中心に経験。その後××株式会社に転職し、財務DD・財務モデリング・会計ストラクチャー検討・バリュエーション・FA業務等を経験。事業会社やファンドがM&Aをおこなう際の財務DD業務、価値分析業務、FA業務、PMI業務に従事し、約xx年間でxx件以上に関与した実績を持つ。その他、事業再生業務の経験も有する。現在は独立し、M&A業務を中心に業務をおこなっている。
",1,0
XXX174,川崎佳美,カワサキヨシミ,qyoshimoto@example.org,2022/1/16 11:19,xxxxxxxxxxxxxxxxxxxxxxxxxxxxxxxxxxxxxxxxxxxxxxxxxxxxxxxxxxxxxxxxxxxxxxxxx,$2y$10$0l724WL0U/AHolsPy0VPOelg9pvwdwB/NBwTvMDUPV/EHTQDscCU65,2019/7/23,1,株式会社XXX,1001063,34,AAA市,BBB町,0,0,0,"[{""qualifications"":""FP65級""}]",22285,11174,1,表示されている専門分野の他にもアピールできる専門分野があれば、ここに記入します。,"××監査法人にて、監査業務・財務DD業務を中心に経験。その後××株式会社に転職し、財務DD・財務モデリング・会計ストラクチャー検討・バリュエーション・FA業務等を経験。事業会社やファンドがM&Aをおこなう際の財務DD業務、価値分析業務、FA業務、PMI業務に従事し、約xx年間でxx件以上に関与した実績を持つ。その他、事業再生業務の経験も有する。現在は独立し、M&A業務を中心に業務をおこなっている。
",0,0
XXX175,吉田浩一郎,ヨシダコウイチロウ,atsushi46@example.net,2022/1/17 11:19,xxxxxxxxxxxxxxxxxxxxxxxxxxxxxxxxxxxxxxxxxxxxxxxxxxxxxxxxxxxxxxxxxxxxxxxxx,$2y$10$0l724WL0U/AHolsPy0VPOelg9pvwdwB/NBwTvMDUPV/EHTQDscCU66,2019/7/24,1,株式会社XXX,1001064,44,AAA市,BBB町,0,0,0,"[{""qualifications"":""FP66級""}]",22286,11175,1,表示されている専門分野の他にもアピールできる専門分野があれば、ここに記入します。,"××監査法人にて、監査業務・財務DD業務を中心に経験。その後××株式会社に転職し、財務DD・財務モデリング・会計ストラクチャー検討・バリュエーション・FA業務等を経験。事業会社やファンドがM&Aをおこなう際の財務DD業務、価値分析業務、FA業務、PMI業務に従事し、約xx年間でxx件以上に関与した実績を持つ。その他、事業再生業務の経験も有する。現在は独立し、M&A業務を中心に業務をおこなっている。
",0,0
XXX176,大内彩,オオウチアヤ,hideki25@example.com,2022/1/18 11:19,xxxxxxxxxxxxxxxxxxxxxxxxxxxxxxxxxxxxxxxxxxxxxxxxxxxxxxxxxxxxxxxxxxxxxxxxx,$2y$10$0l724WL0U/AHolsPy0VPOelg9pvwdwB/NBwTvMDUPV/EHTQDscCU67,2019/7/25,2,株式会社XXX,1001065,3,AAA市,BBB町,0,0,0,"[{""qualifications"":""FP67級""}]",22287,11176,1,表示されている専門分野の他にもアピールできる専門分野があれば、ここに記入します。,"××監査法人にて、監査業務・財務DD業務を中心に経験。その後××株式会社に転職し、財務DD・財務モデリング・会計ストラクチャー検討・バリュエーション・FA業務等を経験。事業会社やファンドがM&Aをおこなう際の財務DD業務、価値分析業務、FA業務、PMI業務に従事し、約xx年間でxx件以上に関与した実績を持つ。その他、事業再生業務の経験も有する。現在は独立し、M&A業務を中心に業務をおこなっている。
",0,1
XXX177,井田康洋,イダヤスヒロ,suzuki.yoko@example.com,2022/1/19 11:19,xxxxxxxxxxxxxxxxxxxxxxxxxxxxxxxxxxxxxxxxxxxxxxxxxxxxxxxxxxxxxxxxxxxxxxxxx,$2y$10$0l724WL0U/AHolsPy0VPOelg9pvwdwB/NBwTvMDUPV/EHTQDscCU68,2019/7/26,1,株式会社XXX,1001066,4,AAA市,BBB町,0,0,0,"[{""qualifications"":""FP68級""}]",22288,11177,1,表示されている専門分野の他にもアピールできる専門分野があれば、ここに記入します。,"××監査法人にて、監査業務・財務DD業務を中心に経験。その後××株式会社に転職し、財務DD・財務モデリング・会計ストラクチャー検討・バリュエーション・FA業務等を経験。事業会社やファンドがM&Aをおこなう際の財務DD業務、価値分析業務、FA業務、PMI業務に従事し、約xx年間でxx件以上に関与した実績を持つ。その他、事業再生業務の経験も有する。現在は独立し、M&A業務を中心に業務をおこなっている。
",1,0
XXX178,関ゆうすけ,セキユウスケ,yasuhiro36@example.org,2022/1/20 11:19,xxxxxxxxxxxxxxxxxxxxxxxxxxxxxxxxxxxxxxxxxxxxxxxxxxxxxxxxxxxxxxxxxxxxxxxxx,$2y$10$0l724WL0U/AHolsPy0VPOelg9pvwdwB/NBwTvMDUPV/EHTQDscCU69,2019/7/27,1,株式会社XXX,1001067,34,AAA市,BBB町,0,0,0,"[{""qualifications"":""FP69級""}]",22289,11178,1,表示されている専門分野の他にもアピールできる専門分野があれば、ここに記入します。,"××監査法人にて、監査業務・財務DD業務を中心に経験。その後××株式会社に転職し、財務DD・財務モデリング・会計ストラクチャー検討・バリュエーション・FA業務等を経験。事業会社やファンドがM&Aをおこなう際の財務DD業務、価値分析業務、FA業務、PMI業務に従事し、約xx年間でxx件以上に関与した実績を持つ。その他、事業再生業務の経験も有する。現在は独立し、M&A業務を中心に業務をおこなっている。
",0,0
XXX179,武藤陽一,ムトウヨウイチ,yoshimoto.rika@example.com,2022/1/21 11:19,xxxxxxxxxxxxxxxxxxxxxxxxxxxxxxxxxxxxxxxxxxxxxxxxxxxxxxxxxxxxxxxxxxxxxxxxx,$2y$10$0l724WL0U/AHolsPy0VPOelg9pvwdwB/NBwTvMDUPV/EHTQDscCU70,2019/7/28,1,株式会社XXX,1001068,3,AAA市,BBB町,0,0,0,"[{""qualifications"":""FP70級""}]",22290,11179,1,表示されている専門分野の他にもアピールできる専門分野があれば、ここに記入します。,"××監査法人にて、監査業務・財務DD業務を中心に経験。その後××株式会社に転職し、財務DD・財務モデリング・会計ストラクチャー検討・バリュエーション・FA業務等を経験。事業会社やファンドがM&Aをおこなう際の財務DD業務、価値分析業務、FA業務、PMI業務に従事し、約xx年間でxx件以上に関与した実績を持つ。その他、事業再生業務の経験も有する。現在は独立し、M&A業務を中心に業務をおこなっている。
",0,1
XXX180,守屋亨,モリヤトオル,tyamagishi@example.com,2022/1/22 11:19,xxxxxxxxxxxxxxxxxxxxxxxxxxxxxxxxxxxxxxxxxxxxxxxxxxxxxxxxxxxxxxxxxxxxxxxxx,$2y$10$0l724WL0U/AHolsPy0VPOelg9pvwdwB/NBwTvMDUPV/EHTQDscCU71,2019/7/29,1,株式会社XXX,1001069,1,AAA市,BBB町,0,0,0,"[{""qualifications"":""FP71級""}]",22291,11180,1,表示されている専門分野の他にもアピールできる専門分野があれば、ここに記入します。,"××監査法人にて、監査業務・財務DD業務を中心に経験。その後××株式会社に転職し、財務DD・財務モデリング・会計ストラクチャー検討・バリュエーション・FA業務等を経験。事業会社やファンドがM&Aをおこなう際の財務DD業務、価値分析業務、FA業務、PMI業務に従事し、約xx年間でxx件以上に関与した実績を持つ。その他、事業再生業務の経験も有する。現在は独立し、M&A業務を中心に業務をおこなっている。
",0,1
XXX181,白井京子,シライキョウコ,mitsuru16@example.org,2022/1/23 11:19,xxxxxxxxxxxxxxxxxxxxxxxxxxxxxxxxxxxxxxxxxxxxxxxxxxxxxxxxxxxxxxxxxxxxxxxxx,$2y$10$0l724WL0U/AHolsPy0VPOelg9pvwdwB/NBwTvMDUPV/EHTQDscCU72,2019/7/30,2,株式会社XXX,1001070,44,AAA市,BBB町,0,0,0,"[{""qualifications"":""FP72級""}]",22292,11181,1,表示されている専門分野の他にもアピールできる専門分野があれば、ここに記入します。,"××監査法人にて、監査業務・財務DD業務を中心に経験。その後××株式会社に転職し、財務DD・財務モデリング・会計ストラクチャー検討・バリュエーション・FA業務等を経験。事業会社やファンドがM&Aをおこなう際の財務DD業務、価値分析業務、FA業務、PMI業務に従事し、約xx年間でxx件以上に関与した実績を持つ。その他、事業再生業務の経験も有する。現在は独立し、M&A業務を中心に業務をおこなっている。
",0,0
XXX182,渡辺佐恵子,ワタナベサエコ,mai31@example.com,2022/1/24 11:19,xxxxxxxxxxxxxxxxxxxxxxxxxxxxxxxxxxxxxxxxxxxxxxxxxxxxxxxxxxxxxxxxxxxxxxxxx,$2y$10$0l724WL0U/AHolsPy0VPOelg9pvwdwB/NBwTvMDUPV/EHTQDscCU73,2019/7/31,1,株式会社XXX,1001071,3,AAA市,BBB町,0,0,0,"[{""qualifications"":""FP73級""}]",22293,11182,1,表示されている専門分野の他にもアピールできる専門分野があれば、ここに記入します。,"××監査法人にて、監査業務・財務DD業務を中心に経験。その後××株式会社に転職し、財務DD・財務モデリング・会計ストラクチャー検討・バリュエーション・FA業務等を経験。事業会社やファンドがM&Aをおこなう際の財務DD業務、価値分析業務、FA業務、PMI業務に従事し、約xx年間でxx件以上に関与した実績を持つ。その他、事業再生業務の経験も有する。現在は独立し、M&A業務を中心に業務をおこなっている。
",1,1
XXX183,水口裕子,ミズグチユウコ,ryosuke.murayama@example.net,2022/1/25 11:19,xxxxxxxxxxxxxxxxxxxxxxxxxxxxxxxxxxxxxxxxxxxxxxxxxxxxxxxxxxxxxxxxxxxxxxxxx,$2y$10$0l724WL0U/AHolsPy0VPOelg9pvwdwB/NBwTvMDUPV/EHTQDscCU74,2019/8/1,1,株式会社XXX,1001072,1,AAA市,BBB町,0,0,0,"[{""qualifications"":""FP74級""}]",22294,11183,1,表示されている専門分野の他にもアピールできる専門分野があれば、ここに記入します。,"××監査法人にて、監査業務・財務DD業務を中心に経験。その後××株式会社に転職し、財務DD・財務モデリング・会計ストラクチャー検討・バリュエーション・FA業務等を経験。事業会社やファンドがM&Aをおこなう際の財務DD業務、価値分析業務、FA業務、PMI業務に従事し、約xx年間でxx件以上に関与した実績を持つ。その他、事業再生業務の経験も有する。現在は独立し、M&A業務を中心に業務をおこなっている。
",0,0
XXX184,藤田彩乃,フジタアヤノ,mitsuru71@example.com,2022/1/26 11:19,xxxxxxxxxxxxxxxxxxxxxxxxxxxxxxxxxxxxxxxxxxxxxxxxxxxxxxxxxxxxxxxxxxxxxxxxx,$2y$10$0l724WL0U/AHolsPy0VPOelg9pvwdwB/NBwTvMDUPV/EHTQDscCU75,2019/8/2,1,株式会社XXX,1001073,4,AAA市,BBB町,0,0,0,"[{""qualifications"":""FP75級""}]",22295,11184,1,表示されている専門分野の他にもアピールできる専門分野があれば、ここに記入します。,"××監査法人にて、監査業務・財務DD業務を中心に経験。その後××株式会社に転職し、財務DD・財務モデリング・会計ストラクチャー検討・バリュエーション・FA業務等を経験。事業会社やファンドがM&Aをおこなう際の財務DD業務、価値分析業務、FA業務、PMI業務に従事し、約xx年間でxx件以上に関与した実績を持つ。その他、事業再生業務の経験も有する。現在は独立し、M&A業務を中心に業務をおこなっている。
",0,0
XXX185,中山純恵,ナカヤマスミエ,kaori08@example.com,2022/1/27 11:19,xxxxxxxxxxxxxxxxxxxxxxxxxxxxxxxxxxxxxxxxxxxxxxxxxxxxxxxxxxxxxxxxxxxxxxxxx,$2y$10$0l724WL0U/AHolsPy0VPOelg9pvwdwB/NBwTvMDUPV/EHTQDscCU76,2019/8/3,2,株式会社XXX,1001074,1,AAA市,BBB町,0,0,0,"[{""qualifications"":""FP76級""}]",22296,11185,1,表示されている専門分野の他にもアピールできる専門分野があれば、ここに記入します。,"××監査法人にて、監査業務・財務DD業務を中心に経験。その後××株式会社に転職し、財務DD・財務モデリング・会計ストラクチャー検討・バリュエーション・FA業務等を経験。事業会社やファンドがM&Aをおこなう際の財務DD業務、価値分析業務、FA業務、PMI業務に従事し、約xx年間でxx件以上に関与した実績を持つ。その他、事業再生業務の経験も有する。現在は独立し、M&A業務を中心に業務をおこなっている。
",0,1
XXX186,吉田一矢,ヨシダカズヤ,hamada.jun@example.org,2022/1/28 11:19,xxxxxxxxxxxxxxxxxxxxxxxxxxxxxxxxxxxxxxxxxxxxxxxxxxxxxxxxxxxxxxxxxxxxxxxxx,$2y$10$0l724WL0U/AHolsPy0VPOelg9pvwdwB/NBwTvMDUPV/EHTQDscCU77,2019/8/4,1,株式会社XXX,1001075,33,AAA市,BBB町,0,0,0,"[{""qualifications"":""FP77級""}]",22297,11186,1,表示されている専門分野の他にもアピールできる専門分野があれば、ここに記入します。,"××監査法人にて、監査業務・財務DD業務を中心に経験。その後××株式会社に転職し、財務DD・財務モデリング・会計ストラクチャー検討・バリュエーション・FA業務等を経験。事業会社やファンドがM&Aをおこなう際の財務DD業務、価値分析業務、FA業務、PMI業務に従事し、約xx年間でxx件以上に関与した実績を持つ。その他、事業再生業務の経験も有する。現在は独立し、M&A業務を中心に業務をおこなっている。
",1,0
XXX187,高木洋平,タカギヨウヘイ,ymiyake@example.org,2022/1/29 11:19,xxxxxxxxxxxxxxxxxxxxxxxxxxxxxxxxxxxxxxxxxxxxxxxxxxxxxxxxxxxxxxxxxxxxxxxxx,$2y$10$0l724WL0U/AHolsPy0VPOelg9pvwdwB/NBwTvMDUPV/EHTQDscCU78,2019/8/5,1,株式会社XXX,1001076,3,AAA市,BBB町,0,0,0,"[{""qualifications"":""FP78級""}]",22298,11187,1,表示されている専門分野の他にもアピールできる専門分野があれば、ここに記入します。,"××監査法人にて、監査業務・財務DD業務を中心に経験。その後××株式会社に転職し、財務DD・財務モデリング・会計ストラクチャー検討・バリュエーション・FA業務等を経験。事業会社やファンドがM&Aをおこなう際の財務DD業務、価値分析業務、FA業務、PMI業務に従事し、約xx年間でxx件以上に関与した実績を持つ。その他、事業再生業務の経験も有する。現在は独立し、M&A業務を中心に業務をおこなっている。
",0,0
XXX188,半田篤史,ハンダアツシ,fujimoto.naoto@example.org,2022/1/30 11:19,xxxxxxxxxxxxxxxxxxxxxxxxxxxxxxxxxxxxxxxxxxxxxxxxxxxxxxxxxxxxxxxxxxxxxxxxx,$2y$10$0l724WL0U/AHolsPy0VPOelg9pvwdwB/NBwTvMDUPV/EHTQDscCU79,2019/8/6,2,株式会社XXX,1001077,3,AAA市,BBB町,0,0,0,"[{""qualifications"":""FP79級""}]",22299,11188,1,表示されている専門分野の他にもアピールできる専門分野があれば、ここに記入します。,"××監査法人にて、監査業務・財務DD業務を中心に経験。その後××株式会社に転職し、財務DD・財務モデリング・会計ストラクチャー検討・バリュエーション・FA業務等を経験。事業会社やファンドがM&Aをおこなう際の財務DD業務、価値分析業務、FA業務、PMI業務に従事し、約xx年間でxx件以上に関与した実績を持つ。その他、事業再生業務の経験も有する。現在は独立し、M&A業務を中心に業務をおこなっている。
",0,1
XXX189,齋藤卓志,サイトウタカシ,ckato@example.com,2022/1/31 11:19,xxxxxxxxxxxxxxxxxxxxxxxxxxxxxxxxxxxxxxxxxxxxxxxxxxxxxxxxxxxxxxxxxxxxxxxxx,$2y$10$0l724WL0U/AHolsPy0VPOelg9pvwdwB/NBwTvMDUPV/EHTQDscCU80,2019/8/7,1,株式会社XXX,1001078,1,AAA市,BBB町,0,0,0,"[{""qualifications"":""FP80級""}]",22300,11189,1,表示されている専門分野の他にもアピールできる専門分野があれば、ここに記入します。,"××監査法人にて、監査業務・財務DD業務を中心に経験。その後××株式会社に転職し、財務DD・財務モデリング・会計ストラクチャー検討・バリュエーション・FA業務等を経験。事業会社やファンドがM&Aをおこなう際の財務DD業務、価値分析業務、FA業務、PMI業務に従事し、約xx年間でxx件以上に関与した実績を持つ。その他、事業再生業務の経験も有する。現在は独立し、M&A業務を中心に業務をおこなっている。
",0,1
XXX190,木村達也,キムラタツヤ,murayama.maaya@example.org,2022/2/1 11:19,xxxxxxxxxxxxxxxxxxxxxxxxxxxxxxxxxxxxxxxxxxxxxxxxxxxxxxxxxxxxxxxxxxxxxxxxx,$2y$10$0l724WL0U/AHolsPy0VPOelg9pvwdwB/NBwTvMDUPV/EHTQDscCU81,2019/8/8,1,株式会社XXX,1001079,3,AAA市,BBB町,0,0,0,"[{""qualifications"":""FP81級""}]",22301,11190,1,表示されている専門分野の他にもアピールできる専門分野があれば、ここに記入します。,"××監査法人にて、監査業務・財務DD業務を中心に経験。その後××株式会社に転職し、財務DD・財務モデリング・会計ストラクチャー検討・バリュエーション・FA業務等を経験。事業会社やファンドがM&Aをおこなう際の財務DD業務、価値分析業務、FA業務、PMI業務に従事し、約xx年間でxx件以上に関与した実績を持つ。その他、事業再生業務の経験も有する。現在は独立し、M&A業務を中心に業務をおこなっている。
",0,1
XXX191,高瀬紀子,タカセノリコ,yumiko.saito@example.com,2022/2/2 11:19,xxxxxxxxxxxxxxxxxxxxxxxxxxxxxxxxxxxxxxxxxxxxxxxxxxxxxxxxxxxxxxxxxxxxxxxxx,$2y$10$0l724WL0U/AHolsPy0VPOelg9pvwdwB/NBwTvMDUPV/EHTQDscCU82,2019/8/9,1,株式会社XXX,1001080,4,AAA市,BBB町,0,0,0,"[{""qualifications"":""FP82級""}]",22302,11191,1,表示されている専門分野の他にもアピールできる専門分野があれば、ここに記入します。,"××監査法人にて、監査業務・財務DD業務を中心に経験。その後××株式会社に転職し、財務DD・財務モデリング・会計ストラクチャー検討・バリュエーション・FA業務等を経験。事業会社やファンドがM&Aをおこなう際の財務DD業務、価値分析業務、FA業務、PMI業務に従事し、約xx年間でxx件以上に関与した実績を持つ。その他、事業再生業務の経験も有する。現在は独立し、M&A業務を中心に業務をおこなっている。
",0,0
XXX192,中村慎也,ナカムラシンヤ,kazuya32@example.org,2022/2/3 11:19,xxxxxxxxxxxxxxxxxxxxxxxxxxxxxxxxxxxxxxxxxxxxxxxxxxxxxxxxxxxxxxxxxxxxxxxxx,$2y$10$0l724WL0U/AHolsPy0VPOelg9pvwdwB/NBwTvMDUPV/EHTQDscCU83,2019/8/10,2,株式会社XXX,1001081,4,AAA市,BBB町,0,0,0,"[{""qualifications"":""FP83級""}]",22303,11192,1,表示されている専門分野の他にもアピールできる専門分野があれば、ここに記入します。,"××監査法人にて、監査業務・財務DD業務を中心に経験。その後××株式会社に転職し、財務DD・財務モデリング・会計ストラクチャー検討・バリュエーション・FA業務等を経験。事業会社やファンドがM&Aをおこなう際の財務DD業務、価値分析業務、FA業務、PMI業務に従事し、約xx年間でxx件以上に関与した実績を持つ。その他、事業再生業務の経験も有する。現在は独立し、M&A業務を中心に業務をおこなっている。
",1,1
XXX193,山崎達也,ヤマザキタツヤ,bkudo@example.net,2022/2/4 11:19,xxxxxxxxxxxxxxxxxxxxxxxxxxxxxxxxxxxxxxxxxxxxxxxxxxxxxxxxxxxxxxxxxxxxxxxxx,$2y$10$0l724WL0U/AHolsPy0VPOelg9pvwdwB/NBwTvMDUPV/EHTQDscCU84,2019/8/11,1,株式会社XXX,1001082,3,AAA市,BBB町,0,0,0,"[{""qualifications"":""FP84級""}]",22304,11193,1,表示されている専門分野の他にもアピールできる専門分野があれば、ここに記入します。,"××監査法人にて、監査業務・財務DD業務を中心に経験。その後××株式会社に転職し、財務DD・財務モデリング・会計ストラクチャー検討・バリュエーション・FA業務等を経験。事業会社やファンドがM&Aをおこなう際の財務DD業務、価値分析業務、FA業務、PMI業務に従事し、約xx年間でxx件以上に関与した実績を持つ。その他、事業再生業務の経験も有する。現在は独立し、M&A業務を中心に業務をおこなっている。
",0,1
XXX194,松下敬一,マツシタケイイチ,akira.yoshida@example.com,2022/2/5 11:19,xxxxxxxxxxxxxxxxxxxxxxxxxxxxxxxxxxxxxxxxxxxxxxxxxxxxxxxxxxxxxxxxxxxxxxxxx,$2y$10$0l724WL0U/AHolsPy0VPOelg9pvwdwB/NBwTvMDUPV/EHTQDscCU85,2019/8/12,1,株式会社XXX,1001083,34,AAA市,BBB町,0,0,0,"[{""qualifications"":""FP85級""}]",23456,11194,1,表示されている専門分野の他にもアピールできる専門分野があれば、ここに記入します。,"××監査法人にて、監査業務・財務DD業務を中心に経験。その後××株式会社に転職し、財務DD・財務モデリング・会計ストラクチャー検討・バリュエーション・FA業務等を経験。事業会社やファンドがM&Aをおこなう際の財務DD業務、価値分析業務、FA業務、PMI業務に従事し、約xx年間でxx件以上に関与した実績を持つ。その他、事業再生業務の経験も有する。現在は独立し、M&A業務を中心に業務をおこなっている。
",0,0
XXX195,加藤幹夫,カトウミキオ,imiyazawa@example.org,2022/2/6 11:19,xxxxxxxxxxxxxxxxxxxxxxxxxxxxxxxxxxxxxxxxxxxxxxxxxxxxxxxxxxxxxxxxxxxxxxxxx,$2y$10$0l724WL0U/AHolsPy0VPOelg9pvwdwB/NBwTvMDUPV/EHTQDscCU86,2019/8/13,1,株式会社XXX,1001084,3,AAA市,BBB町,0,0,0,"[{""qualifications"":""FP86級""}]",23457,11195,2,表示されている専門分野の他にもアピールできる専門分野があれば、ここに記入します。,"××監査法人にて、監査業務・財務DD業務を中心に経験。その後××株式会社に転職し、財務DD・財務モデリング・会計ストラクチャー検討・バリュエーション・FA業務等を経験。事業会社やファンドがM&Aをおこなう際の財務DD業務、価値分析業務、FA業務、PMI業務に従事し、約xx年間でxx件以上に関与した実績を持つ。その他、事業再生業務の経験も有する。現在は独立し、M&A業務を中心に業務をおこなっている。
",0,0
XXX196,金杉智一,カナスギトモカズ,satomi39@example.com,2022/2/7 11:19,xxxxxxxxxxxxxxxxxxxxxxxxxxxxxxxxxxxxxxxxxxxxxxxxxxxxxxxxxxxxxxxxxxxxxxxxx,$2y$10$0l724WL0U/AHolsPy0VPOelg9pvwdwB/NBwTvMDUPV/EHTQDscCU87,2019/8/14,1,株式会社XXX,1001085,4,AAA市,BBB町,0,0,0,"[{""qualifications"":""FP87級""}]",23458,11196,3,表示されている専門分野の他にもアピールできる専門分野があれば、ここに記入します。,"××監査法人にて、監査業務・財務DD業務を中心に経験。その後××株式会社に転職し、財務DD・財務モデリング・会計ストラクチャー検討・バリュエーション・FA業務等を経験。事業会社やファンドがM&Aをおこなう際の財務DD業務、価値分析業務、FA業務、PMI業務に従事し、約xx年間でxx件以上に関与した実績を持つ。その他、事業再生業務の経験も有する。現在は独立し、M&A業務を中心に業務をおこなっている。
",0,1
XXX197,早川裕美,ハヤカワユミ,hkiriyama@example.com,2022/2/8 11:19,xxxxxxxxxxxxxxxxxxxxxxxxxxxxxxxxxxxxxxxxxxxxxxxxxxxxxxxxxxxxxxxxxxxxxxxxx,$2y$10$0l724WL0U/AHolsPy0VPOelg9pvwdwB/NBwTvMDUPV/EHTQDscCU88,2019/8/15,1,株式会社XXX,1001086,1,AAA市,BBB町,0,0,0,"[{""qualifications"":""FP88級""}]",23459,11197,4,表示されている専門分野の他にもアピールできる専門分野があれば、ここに記入します。,"××監査法人にて、監査業務・財務DD業務を中心に経験。その後××株式会社に転職し、財務DD・財務モデリング・会計ストラクチャー検討・バリュエーション・FA業務等を経験。事業会社やファンドがM&Aをおこなう際の財務DD業務、価値分析業務、FA業務、PMI業務に従事し、約xx年間でxx件以上に関与した実績を持つ。その他、事業再生業務の経験も有する。現在は独立し、M&A業務を中心に業務をおこなっている。
",0,1
XXX198,羽賀桜,ハガサクラ,sato.tsubasa@example.com,2022/2/9 11:19,xxxxxxxxxxxxxxxxxxxxxxxxxxxxxxxxxxxxxxxxxxxxxxxxxxxxxxxxxxxxxxxxxxxxxxxxx,$2y$10$0l724WL0U/AHolsPy0VPOelg9pvwdwB/NBwTvMDUPV/EHTQDscCU89,2019/8/16,2,株式会社XXX,1001087,3,AAA市,BBB町,0,0,0,"[{""qualifications"":""FP89級""}]",23460,11198,5,表示されている専門分野の他にもアピールできる専門分野があれば、ここに記入します。,"××監査法人にて、監査業務・財務DD業務を中心に経験。その後××株式会社に転職し、財務DD・財務モデリング・会計ストラクチャー検討・バリュエーション・FA業務等を経験。事業会社やファンドがM&Aをおこなう際の財務DD業務、価値分析業務、FA業務、PMI業務に従事し、約xx年間でxx件以上に関与した実績を持つ。その他、事業再生業務の経験も有する。現在は独立し、M&A業務を中心に業務をおこなっている。
",1,0
XXX199,尾崎健二,オザキケンジ,jun.kimura@example.org,2022/2/10 11:19,xxxxxxxxxxxxxxxxxxxxxxxxxxxxxxxxxxxxxxxxxxxxxxxxxxxxxxxxxxxxxxxxxxxxxxxxx,$2y$10$0l724WL0U/AHolsPy0VPOelg9pvwdwB/NBwTvMDUPV/EHTQDscCU90,2019/8/17,2,株式会社XXX,1001088,3,AAA市,BBB町,0,0,0,"[{""qualifications"":""FP90級""}]",23461,11199,6,表示されている専門分野の他にもアピールできる専門分野があれば、ここに記入します。,"××監査法人にて、監査業務・財務DD業務を中心に経験。その後××株式会社に転職し、財務DD・財務モデリング・会計ストラクチャー検討・バリュエーション・FA業務等を経験。事業会社やファンドがM&Aをおこなう際の財務DD業務、価値分析業務、FA業務、PMI業務に従事し、約xx年間でxx件以上に関与した実績を持つ。その他、事業再生業務の経験も有する。現在は独立し、M&A業務を中心に業務をおこなっている。
",0,1
XXX200,長谷川裕次郎,ハセガワユウジロウ,kuno@example.com,2022/2/11 11:19,xxxxxxxxxxxxxxxxxxxxxxxxxxxxxxxxxxxxxxxxxxxxxxxxxxxxxxxxxxxxxxxxxxxxxxxxx,$2y$10$0l724WL0U/AHolsPy0VPOelg9pvwdwB/NBwTvMDUPV/EHTQDscCU91,2019/8/18,1,株式会社XXX,1001089,4,AAA市,BBB町,0,0,0,"[{""qualifications"":""FP91級""}]",23462,11200,7,表示されている専門分野の他にもアピールできる専門分野があれば、ここに記入します。,"××監査法人にて、監査業務・財務DD業務を中心に経験。その後××株式会社に転職し、財務DD・財務モデリング・会計ストラクチャー検討・バリュエーション・FA業務等を経験。事業会社やファンドがM&Aをおこなう際の財務DD業務、価値分析業務、FA業務、PMI業務に従事し、約xx年間でxx件以上に関与した実績を持つ。その他、事業再生業務の経験も有する。現在は独立し、M&A業務を中心に業務をおこなっている。
",0,1
XXX201,水野えりか,ミズノエリカ,nishinosono.tomoya@example.org,2022/2/12 11:19,xxxxxxxxxxxxxxxxxxxxxxxxxxxxxxxxxxxxxxxxxxxxxxxxxxxxxxxxxxxxxxxxxxxxxxxxx,$2y$10$0l724WL0U/AHolsPy0VPOelg9pvwdwB/NBwTvMDUPV/EHTQDscCU92,2019/8/19,2,株式会社XXX,1001090,4,AAA市,BBB町,0,0,0,"[{""qualifications"":""FP92級""}]",23463,11201,8,表示されている専門分野の他にもアピールできる専門分野があれば、ここに記入します。,"××監査法人にて、監査業務・財務DD業務を中心に経験。その後××株式会社に転職し、財務DD・財務モデリング・会計ストラクチャー検討・バリュエーション・FA業務等を経験。事業会社やファンドがM&Aをおこなう際の財務DD業務、価値分析業務、FA業務、PMI業務に従事し、約xx年間でxx件以上に関与した実績を持つ。その他、事業再生業務の経験も有する。現在は独立し、M&A業務を中心に業務をおこなっている。
",0,1
XXX202,吉田晃太郎,ヨシダコウタロウ,nishinosono.yui@example.net,2022/2/13 11:19,xxxxxxxxxxxxxxxxxxxxxxxxxxxxxxxxxxxxxxxxxxxxxxxxxxxxxxxxxxxxxxxxxxxxxxxxx,$2y$10$0l724WL0U/AHolsPy0VPOelg9pvwdwB/NBwTvMDUPV/EHTQDscCU93,2019/8/20,1,株式会社XXX,1001091,3,AAA市,BBB町,0,0,0,"[{""qualifications"":""FP93級""}]",23464,11202,9,表示されている専門分野の他にもアピールできる専門分野があれば、ここに記入します。,"××監査法人にて、監査業務・財務DD業務を中心に経験。その後××株式会社に転職し、財務DD・財務モデリング・会計ストラクチャー検討・バリュエーション・FA業務等を経験。事業会社やファンドがM&Aをおこなう際の財務DD業務、価値分析業務、FA業務、PMI業務に従事し、約xx年間でxx件以上に関与した実績を持つ。その他、事業再生業務の経験も有する。現在は独立し、M&A業務を中心に業務をおこなっている。
",1,0
XXX203,加藤秀幸,カトウヒデユキ,sasaki.taichi@example.org,2022/2/14 11:19,xxxxxxxxxxxxxxxxxxxxxxxxxxxxxxxxxxxxxxxxxxxxxxxxxxxxxxxxxxxxxxxxxxxxxxxxx,$2y$10$0l724WL0U/AHolsPy0VPOelg9pvwdwB/NBwTvMDUPV/EHTQDscCU94,2019/8/21,1,株式会社XXX,1001092,4,AAA市,BBB町,0,0,0,"[{""qualifications"":""FP94級""}]",23465,11203,10,表示されている専門分野の他にもアピールできる専門分野があれば、ここに記入します。,"××監査法人にて、監査業務・財務DD業務を中心に経験。その後××株式会社に転職し、財務DD・財務モデリング・会計ストラクチャー検討・バリュエーション・FA業務等を経験。事業会社やファンドがM&Aをおこなう際の財務DD業務、価値分析業務、FA業務、PMI業務に従事し、約xx年間でxx件以上に関与した実績を持つ。その他、事業再生業務の経験も有する。現在は独立し、M&A業務を中心に業務をおこなっている。
",0,0
XXX204,平川絵里子,ヒラカワエリコ,cwatanabe@example.net,2022/2/15 11:19,xxxxxxxxxxxxxxxxxxxxxxxxxxxxxxxxxxxxxxxxxxxxxxxxxxxxxxxxxxxxxxxxxxxxxxxxx,$2y$10$0l724WL0U/AHolsPy0VPOelg9pvwdwB/NBwTvMDUPV/EHTQDscCU95,2019/8/22,1,株式会社XXX,1001093,34,AAA市,BBB町,0,0,0,"[{""qualifications"":""FP95級""}]",23466,11204,11,表示されている専門分野の他にもアピールできる専門分野があれば、ここに記入します。,"××監査法人にて、監査業務・財務DD業務を中心に経験。その後××株式会社に転職し、財務DD・財務モデリング・会計ストラクチャー検討・バリュエーション・FA業務等を経験。事業会社やファンドがM&Aをおこなう際の財務DD業務、価値分析業務、FA業務、PMI業務に従事し、約xx年間でxx件以上に関与した実績を持つ。その他、事業再生業務の経験も有する。現在は独立し、M&A業務を中心に業務をおこなっている。
",0,0
XXX205,石原良平,イシハラリョウヘイ,rika00@example.org,2022/2/16 11:19,xxxxxxxxxxxxxxxxxxxxxxxxxxxxxxxxxxxxxxxxxxxxxxxxxxxxxxxxxxxxxxxxxxxxxxxxx,$2y$10$0l724WL0U/AHolsPy0VPOelg9pvwdwB/NBwTvMDUPV/EHTQDscCU96,2019/8/23,1,株式会社XXX,1001094,1,AAA市,BBB町,0,0,0,"[{""qualifications"":""FP96級""}]",23467,11205,12,表示されている専門分野の他にもアピールできる専門分野があれば、ここに記入します。,"××監査法人にて、監査業務・財務DD業務を中心に経験。その後××株式会社に転職し、財務DD・財務モデリング・会計ストラクチャー検討・バリュエーション・FA業務等を経験。事業会社やファンドがM&Aをおこなう際の財務DD業務、価値分析業務、FA業務、PMI業務に従事し、約xx年間でxx件以上に関与した実績を持つ。その他、事業再生業務の経験も有する。現在は独立し、M&A業務を中心に業務をおこなっている。
",0,0
XXX206,川村英子,カワムラヒデコ,sasaki.shota@example.net,2022/2/17 11:19,xxxxxxxxxxxxxxxxxxxxxxxxxxxxxxxxxxxxxxxxxxxxxxxxxxxxxxxxxxxxxxxxxxxxxxxxx,$2y$10$0l724WL0U/AHolsPy0VPOelg9pvwdwB/NBwTvMDUPV/EHTQDscCU97,2019/8/24,1,株式会社XXX,1001095,47,AAA市,BBB町,0,0,0,"[{""qualifications"":""FP97級""}]",23468,11206,13,表示されている専門分野の他にもアピールできる専門分野があれば、ここに記入します。,"××監査法人にて、監査業務・財務DD業務を中心に経験。その後××株式会社に転職し、財務DD・財務モデリング・会計ストラクチャー検討・バリュエーション・FA業務等を経験。事業会社やファンドがM&Aをおこなう際の財務DD業務、価値分析業務、FA業務、PMI業務に従事し、約xx年間でxx件以上に関与した実績を持つ。その他、事業再生業務の経験も有する。現在は独立し、M&A業務を中心に業務をおこなっている。
",1,0
XXX207,脇本隼人,ワキモトハヤト,satomi.kijima@example.org,2022/2/18 11:19,xxxxxxxxxxxxxxxxxxxxxxxxxxxxxxxxxxxxxxxxxxxxxxxxxxxxxxxxxxxxxxxxxxxxxxxxx,$2y$10$0l724WL0U/AHolsPy0VPOelg9pvwdwB/NBwTvMDUPV/EHTQDscCU98,2019/8/25,1,株式会社XXX,1001096,2,AAA市,BBB町,0,0,0,"[{""qualifications"":""FP98級""}]",23469,11207,14,表示されている専門分野の他にもアピールできる専門分野があれば、ここに記入します。,"××監査法人にて、監査業務・財務DD業務を中心に経験。その後××株式会社に転職し、財務DD・財務モデリング・会計ストラクチャー検討・バリュエーション・FA業務等を経験。事業会社やファンドがM&Aをおこなう際の財務DD業務、価値分析業務、FA業務、PMI業務に従事し、約xx年間でxx件以上に関与した実績を持つ。その他、事業再生業務の経験も有する。現在は独立し、M&A業務を中心に業務をおこなっている。
",0,0
XXX208,大嶋宏昌,オオシマヒロマサ,rnakamura@example.com,2022/2/19 11:19,xxxxxxxxxxxxxxxxxxxxxxxxxxxxxxxxxxxxxxxxxxxxxxxxxxxxxxxxxxxxxxxxxxxxxxxxx,$2y$10$0l724WL0U/AHolsPy0VPOelg9pvwdwB/NBwTvMDUPV/EHTQDscCU99,2019/8/26,2,株式会社XXX,1001097,3,AAA市,BBB町,0,0,0,"[{""qualifications"":""FP99級""}]",23470,11208,15,表示されている専門分野の他にもアピールできる専門分野があれば、ここに記入します。,"××監査法人にて、監査業務・財務DD業務を中心に経験。その後××株式会社に転職し、財務DD・財務モデリング・会計ストラクチャー検討・バリュエーション・FA業務等を経験。事業会社やファンドがM&Aをおこなう際の財務DD業務、価値分析業務、FA業務、PMI業務に従事し、約xx年間でxx件以上に関与した実績を持つ。その他、事業再生業務の経験も有する。現在は独立し、M&A業務を中心に業務をおこなっている。
",0,0
XXX209,伊藤進,イトウススム,asuka94@example.com,2022/2/20 11:19,xxxxxxxxxxxxxxxxxxxxxxxxxxxxxxxxxxxxxxxxxxxxxxxxxxxxxxxxxxxxxxxxxxxxxxxxx,$2y$10$0l724WL0U/AHolsPy0VPOelg9pvwdwB/NBwTvMDUPV/EHTQDscCU100,2019/8/27,1,株式会社XXX,1001098,23,AAA市,BBB町,0,0,0,"[{""qualifications"":""FP100級""}]",23471,11209,16,表示されている専門分野の他にもアピールできる専門分野があれば、ここに記入します。,"××監査法人にて、監査業務・財務DD業務を中心に経験。その後××株式会社に転職し、財務DD・財務モデリング・会計ストラクチャー検討・バリュエーション・FA業務等を経験。事業会社やファンドがM&Aをおこなう際の財務DD業務、価値分析業務、FA業務、PMI業務に従事し、約xx年間でxx件以上に関与した実績を持つ。その他、事業再生業務の経験も有する。現在は独立し、M&A業務を中心に業務をおこなっている。
",0,0
XXX210,高谷裕司,タカヤユウジ,xyamamoto@example.org,2022/2/21 11:19,xxxxxxxxxxxxxxxxxxxxxxxxxxxxxxxxxxxxxxxxxxxxxxxxxxxxxxxxxxxxxxxxxxxxxxxxx,$2y$10$0l724WL0U/AHolsPy0VPOelg9pvwdwB/NBwTvMDUPV/EHTQDscCU101,2019/8/28,1,株式会社XXX,1001099,1,AAA市,BBB町,0,0,0,"[{""qualifications"":""FP101級""}]",23472,11210,17,表示されている専門分野の他にもアピールできる専門分野があれば、ここに記入します。,"××監査法人にて、監査業務・財務DD業務を中心に経験。その後××株式会社に転職し、財務DD・財務モデリング・会計ストラクチャー検討・バリュエーション・FA業務等を経験。事業会社やファンドがM&Aをおこなう際の財務DD業務、価値分析業務、FA業務、PMI業務に従事し、約xx年間でxx件以上に関与した実績を持つ。その他、事業再生業務の経験も有する。現在は独立し、M&A業務を中心に業務をおこなっている。
",0,0
XXX211,藤和子,フジカズコ,paota@example.org,2022/2/22 11:19,xxxxxxxxxxxxxxxxxxxxxxxxxxxxxxxxxxxxxxxxxxxxxxxxxxxxxxxxxxxxxxxxxxxxxxxxx,$2y$10$0l724WL0U/AHolsPy0VPOelg9pvwdwB/NBwTvMDUPV/EHTQDscCU102,2019/8/29,1,株式会社XXX,1001100,1,AAA市,BBB町,0,0,0,"[{""qualifications"":""FP102級""}]",23473,11211,18,表示されている専門分野の他にもアピールできる専門分野があれば、ここに記入します。,"××監査法人にて、監査業務・財務DD業務を中心に経験。その後××株式会社に転職し、財務DD・財務モデリング・会計ストラクチャー検討・バリュエーション・FA業務等を経験。事業会社やファンドがM&Aをおこなう際の財務DD業務、価値分析業務、FA業務、PMI業務に従事し、約xx年間でxx件以上に関与した実績を持つ。その他、事業再生業務の経験も有する。現在は独立し、M&A業務を中心に業務をおこなっている。
",0,0
XXX212,立川太一郎,タチカワタイチロウ,kana96@example.org,2022/2/23 11:19,xxxxxxxxxxxxxxxxxxxxxxxxxxxxxxxxxxxxxxxxxxxxxxxxxxxxxxxxxxxxxxxxxxxxxxxxx,$2y$10$0l724WL0U/AHolsPy0VPOelg9pvwdwB/NBwTvMDUPV/EHTQDscCU103,2019/8/30,1,株式会社XXX,1001101,2,AAA市,BBB町,0,0,0,"[{""qualifications"":""FP103級""}]",23474,11212,19,表示されている専門分野の他にもアピールできる専門分野があれば、ここに記入します。,"××監査法人にて、監査業務・財務DD業務を中心に経験。その後××株式会社に転職し、財務DD・財務モデリング・会計ストラクチャー検討・バリュエーション・FA業務等を経験。事業会社やファンドがM&Aをおこなう際の財務DD業務、価値分析業務、FA業務、PMI業務に従事し、約xx年間でxx件以上に関与した実績を持つ。その他、事業再生業務の経験も有する。現在は独立し、M&A業務を中心に業務をおこなっている。
",1,1
XXX213,林睦美,ハヤシムツミ,ztanaka@example.org,2022/2/24 11:19,xxxxxxxxxxxxxxxxxxxxxxxxxxxxxxxxxxxxxxxxxxxxxxxxxxxxxxxxxxxxxxxxxxxxxxxxx,$2y$10$0l724WL0U/AHolsPy0VPOelg9pvwdwB/NBwTvMDUPV/EHTQDscCU104,2019/8/31,2,株式会社XXX,1001102,3,AAA市,BBB町,0,0,0,"[{""qualifications"":""FP104級""}]",23475,11213,20,表示されている専門分野の他にもアピールできる専門分野があれば、ここに記入します。,"××監査法人にて、監査業務・財務DD業務を中心に経験。その後××株式会社に転職し、財務DD・財務モデリング・会計ストラクチャー検討・バリュエーション・FA業務等を経験。事業会社やファンドがM&Aをおこなう際の財務DD業務、価値分析業務、FA業務、PMI業務に従事し、約xx年間でxx件以上に関与した実績を持つ。その他、事業再生業務の経験も有する。現在は独立し、M&A業務を中心に業務をおこなっている。
",0,1
XXX214,大嶋利文,オオシマトシフミ,murayama.asuka@example.org,2022/2/25 11:19,xxxxxxxxxxxxxxxxxxxxxxxxxxxxxxxxxxxxxxxxxxxxxxxxxxxxxxxxxxxxxxxxxxxxxxxxx,$2y$10$0l724WL0U/AHolsPy0VPOelg9pvwdwB/NBwTvMDUPV/EHTQDscCU105,2019/9/1,1,株式会社XXX,1001103,23,AAA市,BBB町,0,0,0,"[{""qualifications"":""FP105級""}]",23476,11214,21,表示されている専門分野の他にもアピールできる専門分野があれば、ここに記入します。,"××監査法人にて、監査業務・財務DD業務を中心に経験。その後××株式会社に転職し、財務DD・財務モデリング・会計ストラクチャー検討・バリュエーション・FA業務等を経験。事業会社やファンドがM&Aをおこなう際の財務DD業務、価値分析業務、FA業務、PMI業務に従事し、約xx年間でxx件以上に関与した実績を持つ。その他、事業再生業務の経験も有する。現在は独立し、M&A業務を中心に業務をおこなっている。
",0,0
XXX215,大井紀明,オオイノリアキ,kyosuke23@example.com,2022/2/26 11:19,xxxxxxxxxxxxxxxxxxxxxxxxxxxxxxxxxxxxxxxxxxxxxxxxxxxxxxxxxxxxxxxxxxxxxxxxx,$2y$10$0l724WL0U/AHolsPy0VPOelg9pvwdwB/NBwTvMDUPV/EHTQDscCU106,2019/9/2,1,株式会社XXX,1001104,2,AAA市,BBB町,0,0,0,"[{""qualifications"":""FP106級""}]",23477,11215,22,表示されている専門分野の他にもアピールできる専門分野があれば、ここに記入します。,"××監査法人にて、監査業務・財務DD業務を中心に経験。その後××株式会社に転職し、財務DD・財務モデリング・会計ストラクチャー検討・バリュエーション・FA業務等を経験。事業会社やファンドがM&Aをおこなう際の財務DD業務、価値分析業務、FA業務、PMI業務に従事し、約xx年間でxx件以上に関与した実績を持つ。その他、事業再生業務の経験も有する。現在は独立し、M&A業務を中心に業務をおこなっている。
",0,0
XXX216,宮田忍,ミヤタシノブ,jun.sato@example.com,2022/2/27 11:19,xxxxxxxxxxxxxxxxxxxxxxxxxxxxxxxxxxxxxxxxxxxxxxxxxxxxxxxxxxxxxxxxxxxxxxxxx,$2y$10$0l724WL0U/AHolsPy0VPOelg9pvwdwB/NBwTvMDUPV/EHTQDscCU107,2019/9/3,1,株式会社XXX,1001105,3,AAA市,BBB町,0,0,0,"[{""qualifications"":""FP107級""}]",23478,11216,23,表示されている専門分野の他にもアピールできる専門分野があれば、ここに記入します。,"××監査法人にて、監査業務・財務DD業務を中心に経験。その後××株式会社に転職し、財務DD・財務モデリング・会計ストラクチャー検討・バリュエーション・FA業務等を経験。事業会社やファンドがM&Aをおこなう際の財務DD業務、価値分析業務、FA業務、PMI業務に従事し、約xx年間でxx件以上に関与した実績を持つ。その他、事業再生業務の経験も有する。現在は独立し、M&A業務を中心に業務をおこなっている。
",0,1
XXX217,守谷倫子,モリヤノリコ,kumiko07@example.net,2022/2/28 11:19,xxxxxxxxxxxxxxxxxxxxxxxxxxxxxxxxxxxxxxxxxxxxxxxxxxxxxxxxxxxxxxxxxxxxxxxxx,$2y$10$0l724WL0U/AHolsPy0VPOelg9pvwdwB/NBwTvMDUPV/EHTQDscCU108,2019/9/4,1,株式会社XXX,1001106,2,AAA市,BBB町,0,0,0,"[{""qualifications"":""FP108級""}]",23479,11217,24,表示されている専門分野の他にもアピールできる専門分野があれば、ここに記入します。,"××監査法人にて、監査業務・財務DD業務を中心に経験。その後××株式会社に転職し、財務DD・財務モデリング・会計ストラクチャー検討・バリュエーション・FA業務等を経験。事業会社やファンドがM&Aをおこなう際の財務DD業務、価値分析業務、FA業務、PMI業務に従事し、約xx年間でxx件以上に関与した実績を持つ。その他、事業再生業務の経験も有する。現在は独立し、M&A業務を中心に業務をおこなっている。
",1,0
XXX218,香坂和徳,コウサカカズノリ,mitsuru.kanou@example.org,2022/3/1 11:19,xxxxxxxxxxxxxxxxxxxxxxxxxxxxxxxxxxxxxxxxxxxxxxxxxxxxxxxxxxxxxxxxxxxxxxxxx,$2y$10$0l724WL0U/AHolsPy0VPOelg9pvwdwB/NBwTvMDUPV/EHTQDscCU109,2019/9/5,2,株式会社XXX,1001107,3,AAA市,BBB町,0,0,0,"[{""qualifications"":""FP109級""}]",23480,11218,25,表示されている専門分野の他にもアピールできる専門分野があれば、ここに記入します。,"××監査法人にて、監査業務・財務DD業務を中心に経験。その後××株式会社に転職し、財務DD・財務モデリング・会計ストラクチャー検討・バリュエーション・FA業務等を経験。事業会社やファンドがM&Aをおこなう際の財務DD業務、価値分析業務、FA業務、PMI業務に従事し、約xx年間でxx件以上に関与した実績を持つ。その他、事業再生業務の経験も有する。現在は独立し、M&A業務を中心に業務をおこなっている。
",0,1
XXX219,山本裕之,ヤマモトヒロユキ,osamu.aoyama@example.net,2022/3/2 11:19,xxxxxxxxxxxxxxxxxxxxxxxxxxxxxxxxxxxxxxxxxxxxxxxxxxxxxxxxxxxxxxxxxxxxxxxxx,$2y$10$0l724WL0U/AHolsPy0VPOelg9pvwdwB/NBwTvMDUPV/EHTQDscCU110,2019/9/6,1,株式会社XXX,1001108,23,AAA市,BBB町,0,0,0,"[{""qualifications"":""FP110級""}]",23481,11219,26,表示されている専門分野の他にもアピールできる専門分野があれば、ここに記入します。,"××監査法人にて、監査業務・財務DD業務を中心に経験。その後××株式会社に転職し、財務DD・財務モデリング・会計ストラクチャー検討・バリュエーション・FA業務等を経験。事業会社やファンドがM&Aをおこなう際の財務DD業務、価値分析業務、FA業務、PMI業務に従事し、約xx年間でxx件以上に関与した実績を持つ。その他、事業再生業務の経験も有する。現在は独立し、M&A業務を中心に業務をおこなっている。
",1,0
XXX220,佐藤亘,サトウワタル,wkanou@example.net,2022/3/3 11:19,xxxxxxxxxxxxxxxxxxxxxxxxxxxxxxxxxxxxxxxxxxxxxxxxxxxxxxxxxxxxxxxxxxxxxxxxx,$2y$10$0l724WL0U/AHolsPy0VPOelg9pvwdwB/NBwTvMDUPV/EHTQDscCU111,2019/9/7,1,株式会社XXX,1001109,4,AAA市,BBB町,0,0,0,"[{""qualifications"":""FP111級""}]",23482,11220,27,表示されている専門分野の他にもアピールできる専門分野があれば、ここに記入します。,"××監査法人にて、監査業務・財務DD業務を中心に経験。その後××株式会社に転職し、財務DD・財務モデリング・会計ストラクチャー検討・バリュエーション・FA業務等を経験。事業会社やファンドがM&Aをおこなう際の財務DD業務、価値分析業務、FA業務、PMI業務に従事し、約xx年間でxx件以上に関与した実績を持つ。その他、事業再生業務の経験も有する。現在は独立し、M&A業務を中心に業務をおこなっている。
",0,1
